color_code,red,green,blue,name,family,cellular,roller,panel_track,sheer,drapery,valance_cornice,soft_roman,insulating_blinds,filename,composite_filename
100,233,233,234,ULTRA WHITE,White,1,1,1,1,1,1,1,1,,
101,230,230,225,ICE CASTLE,Off White,1,1,1,1,1,1,1,1,,
102,228,229,229,OYSTER PEARL,Off White,1,1,1,1,1,1,1,1,,
103,232,230,222,IVORY DUST,Off White,1,1,1,1,1,1,1,1,,
104,228,226,229,SAND DOLLAR,Off White,1,1,1,1,1,1,1,1,,
105,229,229,226,SOFT CHAMOIS,Off White,1,1,1,1,1,1,1,1,,
106,213,213,212,MORNING FOG,Grey,1,1,1,1,1,1,1,1,,
107,226,224,216,COURTYARD TAN,Off White,1,1,1,1,1,1,1,1,,
108,233,228,213,ANTIQUE LACE,Off White,1,1,1,1,1,1,1,1,,
109,226,225,206,VANILLA LATTE,Off White,1,1,1,1,1,1,1,1,,
110,220,218,207,DOVE WHITE,Off White,1,1,1,1,1,1,1,1,,
111,202,199,191,FEATHER STONE,Grey,1,1,1,1,1,1,1,1,,
112,225,212,173,LEMON CREAM,Yellow,1,1,1,1,1,1,1,1,,
113,196,210,192,AMBROSIA MINT,Green,1,1,1,1,1,1,1,1,,
114,199,201,156,SPRING MEADOW,Green,1,1,1,1,1,1,1,1,,
115,193,210,203,SEA MIST,Teal,1,1,1,1,1,1,1,1,,
116,184,197,215,GENTLE WIND,Blue,1,1,1,1,1,1,1,1,,
117,164,183,203,MORNING SKY,Blue,1,1,1,1,1,1,1,1,,
118,188,192,212,VIOLET DUSK,Purple,1,1,1,1,1,1,1,1,,
119,227,207,200,CRYSTAL PINK,Pink,1,1,1,1,1,1,1,1,,
120,213,182,166,DESERT TAN,Peach,1,1,1,1,1,1,1,1,,
121,210,162,148,SOFT MELON,Peach,1,1,1,1,1,1,1,1,,
122,210,173,134,SUNSET GLOW,Orange,1,1,1,1,1,1,1,1,,
123,196,194,194,ARCTIC SHADOW,Grey,1,1,1,1,1,1,1,1,,
124,195,192,183,SEASHELL GRAY,Grey,1,1,1,1,1,1,1,1,,
125,180,177,180,CATHEDRAL STONE,Grey,1,1,1,1,1,1,1,1,,
126,149,147,140,TRANQUIL TAUPE,Taupe,1,1,1,0,1,1,1,1,,
127,167,145,121,HIDDEN OAKS,Brown,1,1,1,0,1,1,1,1,,
128,177,160,137,ARIZONA TAN,Tan,1,1,1,1,1,1,1,1,,
129,185,166,114,SAFARI SUN,Gold,1,1,1,0,1,1,1,1,,
130,148,118,94,AUTUMN RUSSET,Brown,1,1,1,0,1,1,1,1,,
131,138,136,112,PINEBROOK,Green,1,1,1,0,1,1,1,1,,
132,175,177,160,TREE MOSS,Green,1,1,1,1,1,1,1,1,,
133,169,177,186,BLUE HAZE,Blue,1,1,1,1,1,1,1,1,,
134,137,139,148,OCEAN STORM,Purple,1,1,1,0,1,1,1,1,,
135,78,86,91,DEEP RIVER,Blue,1,1,1,0,1,1,1,1,,
136,97,145,188,PACIFIC BLUE,Blue,1,1,1,0,1,1,1,1,,
137,81,128,143,CLASSIC TEAL,Teal,1,1,1,0,1,1,1,1,,
138,83,142,124,GREEN SEA,Teal,1,1,1,0,1,1,1,1,,
139,121,174,178,TROPICAL TIDE,Teal,1,1,1,0,1,1,1,1,,
140,173,181,101,LIME BURST,Green,1,1,1,0,1,1,1,1,,
141,235,209,109,SUMMER SUN,Yellow,1,1,1,0,1,1,1,1,,
142,195,116,98,CORAL PASSION,Orange,1,1,1,0,1,1,1,1,,
143,169,74,78,SONIC RED,Red,1,1,1,0,1,1,1,1,,
144,164,84,110,SCARLET PINK,Pink,1,1,1,0,1,1,1,1,,
145,143,93,113,PLUMBERRY,Purple,1,1,1,0,1,1,1,1,,
146,109,89,122,ULTRA VIOLET,Purple,1,1,1,0,1,1,1,1,,
147,87,89,93,TWILIGHT,Black,1,1,1,0,1,1,1,1,,
148,232,206,196,BLUSH,Pink,1,1,1,1,1,1,1,1,,
149,210,134,123,CORAL,Peach,1,1,1,0,1,1,1,1,,
150,227,186,171,SAND,Pink,1,1,1,1,1,1,1,1,,
151,215,144,120,SALMON,Orange,1,1,1,0,1,1,1,1,,
152,235,220,203,POWDER FRESH,Off White,1,1,1,1,1,1,1,1,,
153,230,208,191,BABY BLANKET,Pink,1,1,1,1,1,1,1,1,,
154,205,149,127,MELON GLOW,Peach,1,1,1,0,1,1,1,1,,
155,191,129,104,RUSTIC ROSE,Orange,1,1,1,0,1,1,1,1,,
156,219,186,176,PINK CLOUD,Pink,1,1,1,1,1,1,1,1,,
157,209,163,150,PEACH,Pink,1,1,1,1,1,1,1,1,,
158,200,139,124,DESERT DAWN,Peach,1,1,1,0,1,1,1,1,,
159,186,117,101,LIGHT SANDALWOOD,Peach,1,1,1,0,1,1,1,1,,
160,203,170,164,ROSE BUD,Pink,1,1,1,1,1,1,1,1,,
161,193,150,138,CLAYPOT,Pink,1,1,1,1,1,1,1,1,,
162,159,108,93,HENNA,Brown,1,1,1,0,1,1,1,1,,
163,199,158,142,MOUSSE TRAIL,Peach,1,1,1,1,1,1,1,1,,
164,172,128,111,POTTERY WHEEL,Brown,1,1,1,0,1,1,1,1,,
165,135,96,89,RAISIN,Brown,1,1,1,0,1,1,1,1,,
166,207,174,160,BLOSSOM,Pink,1,1,1,1,1,1,1,1,,
167,197,150,130,LIGHT APRICOT,Peach,1,1,1,0,1,1,1,1,,
168,188,134,105,PUMPKIN,Peach,1,1,1,0,1,1,1,1,,
169,218,183,157,SWEET NECTAR,Peach,1,1,1,1,1,1,1,1,,
170,206,162,129,SAND DUNE,Peach,1,1,1,1,1,1,1,1,,
171,193,139,110,VINTAGE PEACH,Peach,1,1,1,0,1,1,1,1,,
172,211,154,122,COBBLER,Peach,1,1,1,0,1,1,1,1,,
173,198,133,99,LIGHT GINGER,Orange,1,1,1,0,1,1,1,1,,
174,231,207,188,PALE ROSE,Peach,1,1,1,1,1,1,1,1,,
175,203,137,101,ORANGE VIBE,Orange,1,1,1,0,1,1,1,1,,
176,231,196,176,PINK FUSION,Peach,1,1,1,1,1,1,1,1,,
177,222,164,135,VIBRANT MELON,Peach,1,1,1,1,1,1,1,1,,
178,239,215,198,SPRINGTIME PEACH,Peach,1,1,1,1,1,1,1,1,,
179,221,186,150,ORANGE CREAM,Peach,1,1,1,1,1,1,1,1,,
180,203,156,112,PUMPKIN BLUSH,Orange,1,1,1,0,1,1,1,1,,
181,217,167,130,PEACHLAND,Orange,1,1,1,1,1,1,1,1,,
182,219,164,130,MELON SORBET,Orange,1,1,1,1,1,1,1,1,,
183,212,152,128,LIGHT SALMON,Peach,1,1,1,0,1,1,1,1,,
184,234,222,204,MORNING LIGHT,Off White,1,1,1,1,1,1,1,1,,
185,228,191,161,BEACH HOUSE,Peach,1,1,1,1,1,1,1,1,,
186,215,169,132,INTENSE TAN,Orange,1,1,1,0,1,1,1,1,,
187,231,215,195,CANDLE GLOW,Off White,1,1,1,1,1,1,1,1,,
188,226,203,185,SUMMER DRESS,Pink,1,1,1,1,1,1,1,1,,
189,201,164,132,CLAYSTONE,Peach,1,1,1,0,1,1,1,1,,
190,198,148,113,PUMPKIN PIE,Orange,1,1,1,0,1,1,1,1,,
191,211,173,133,PLAY HOUSE,Orange,1,1,1,0,1,1,1,1,,
192,199,154,114,SUN RAY,Orange,1,1,1,0,1,1,1,1,,
193,190,142,101,CANYON,Orange,1,1,1,0,1,1,1,1,,
194,211,176,134,TUSCAN MELON,Orange,1,1,1,1,1,1,1,1,,
195,200,152,104,SUNNY VALLEY,Orange,1,1,1,0,1,1,1,1,,
196,216,170,107,CITRUS BLOSSOM,Orange,1,1,1,0,1,1,1,1,,
197,219,183,125,MAPLE SUGAR,Yellow,1,1,1,0,1,1,1,1,,
198,231,209,163,LIGHT STRAW,Yellow,1,1,1,1,1,1,1,1,,
199,216,186,126,HAY STACK,Gold,1,1,1,0,1,1,1,1,,
200,216,198,155,SAHARA SAND,Tan,1,1,1,1,1,1,1,1,,
201,194,169,114,GOLD VISTA,Gold,1,1,1,0,1,1,1,1,,
202,238,224,191,CITRUS MIX,Yellow,1,1,1,1,1,1,1,1,,
203,231,214,165,CORNSILK,Yellow,1,1,1,1,1,1,1,1,,
204,226,211,166,CREAMY BEIGE,Yellow,1,1,1,1,1,1,1,1,,
205,229,203,151,WHEATFIELD,Yellow,1,1,1,1,1,1,1,1,,
206,221,192,121,SANTA MONICA,Yellow,1,1,1,0,1,1,1,1,,
207,234,225,195,SIMPLE BEIGE,Yellow,1,1,1,1,1,1,1,1,,
208,227,220,190,BEAMING SUN,Yellow,1,1,1,1,1,1,1,1,,
209,223,213,170,SUNKISS,Yellow,1,1,1,1,1,1,1,1,,
210,211,189,119,DESERT PATH,Yellow,1,1,1,0,1,1,1,1,,
211,217,198,143,SUMMER HARVEST,Yellow,1,1,1,1,1,1,1,1,,
212,204,176,119,PALOMA TAN,Gold,1,1,1,0,1,1,1,1,,
213,203,175,106,GOLD CREST,Gold,1,1,1,0,1,1,1,1,,
214,231,214,176,NEUTRAL IVORY,Yellow,1,1,1,1,1,1,1,1,,
215,224,204,160,HARVEST,Yellow,1,1,1,1,1,1,1,1,,
216,213,190,142,SANDS OF TIME,Gold,1,1,1,1,1,1,1,1,,
217,208,171,114,TIGER EYE,Orange,1,1,1,0,1,1,1,1,,
218,220,203,167,PENNSACOLA SAND,Yellow,1,1,1,1,1,1,1,1,,
219,197,168,115,QUINCY GOLD,Gold,1,1,1,0,1,1,1,1,,
220,223,207,161,MOJAVE DESERT,Yellow,1,1,1,1,1,1,1,1,,
221,211,188,122,CUMIN,Gold,1,1,1,0,1,1,1,1,,
222,206,176,106,SHOWTIME,Yellow,1,1,1,0,1,1,1,1,,
223,223,212,173,NEW HARVEST,Yellow,1,1,1,1,1,1,1,1,,
224,218,201,156,LIGHT BUFF,Yellow,1,1,1,1,1,1,1,1,,
225,207,188,134,AGED CANVAS,Gold,1,1,1,1,1,1,1,1,,
226,230,217,169,FRESH LIGHT,Yellow,1,1,1,1,1,1,1,1,,
227,213,195,134,YELLOW TRAIL,Yellow,1,1,1,1,1,1,1,1,,
228,203,183,114,DIJON MUSTARD,Gold,1,1,1,0,1,1,1,1,,
229,234,223,196,DESOLATE BEACH,Yellow,1,1,1,1,1,1,1,1,,
230,226,212,178,LIGHT BISQUE,Yellow,1,1,1,1,1,1,1,1,,
231,190,171,122,SANTA FE,Gold,1,1,1,1,1,1,1,1,,
232,177,159,105,OLD GOLD,Gold,1,1,1,0,1,1,1,1,,
233,228,225,206,CREAM DELIGHT,Off White,1,1,1,1,1,1,1,1,,
234,194,186,149,ANTELOPE,Tan,1,1,1,1,1,1,1,1,,
235,183,171,132,AGED BRASS,Tan,1,1,1,0,1,1,1,1,,
236,161,148,110,NUTMEG,Brown,1,1,1,0,1,1,1,1,,
237,224,221,205,WINTER TRAIL,Off White,1,1,1,1,1,1,1,1,,
238,205,198,173,KHAKI,Beige,1,1,1,1,1,1,1,1,,
239,185,176,148,OAK BRANCH,Tan,1,1,1,1,1,1,1,1,,
240,161,150,114,OLIVE TONE,Brown,1,1,1,0,1,1,1,1,,
241,132,123,93,DARK MOSS,Brown,1,1,1,0,1,1,1,1,,
242,127,118,92,ARMY GREEN,Green,1,1,1,0,1,1,1,1,,
243,222,217,197,IVORY ESCAPE,Beige,1,1,1,1,1,1,1,1,,
244,202,196,172,CANYON BEIGE,Beige,1,1,1,1,1,1,1,1,,
245,191,185,157,ISLAND COAST,Beige,1,1,1,1,1,1,1,1,,
246,173,164,135,STONEBROOK,Taupe,1,1,1,0,1,1,1,1,,
247,151,141,115,TOP SOIL,Brown,1,1,1,0,1,1,1,1,,
248,233,230,207,MONROE TAN,Yellow,1,1,1,1,1,1,1,1,,
249,224,219,190,CHARDONNAY,Beige,1,1,1,1,1,1,1,1,,
250,199,187,144,MEXICAN SAND,Tan,1,1,1,0,1,1,1,1,,
251,178,163,113,PORT RIDGE,"Yellow,Tan",1,1,1,0,1,1,1,1,,
252,163,149,101,RUSTIC FENCE,"Yellow,Tan",1,1,1,0,1,1,1,1,,
253,230,226,199,NATURAL TONE,Yellow,1,1,1,1,1,1,1,1,,
254,195,185,135,WOODLAND TAN,Gold,1,1,1,0,1,1,1,1,,
255,189,180,128,OAK HONEY,Yellow,1,1,1,0,1,1,1,1,,
256,229,223,193,SIMPLY CREAM,Yellow,1,1,1,1,1,1,1,1,,
257,193,182,129,FARMER'S CROP,Yellow,1,1,1,0,1,1,1,1,,
258,192,182,140,FRESH BARLEY,Tan,1,1,1,0,1,1,1,1,,
259,187,174,132,ANTIQUE GOLD,Tan,1,1,1,0,1,1,1,1,,
260,173,161,115,CRISP BEIGE,Yellow,1,1,1,0,1,1,1,1,,
261,233,225,186,BUTTERNUT,Yellow,1,1,1,1,1,1,1,1,,
262,229,219,169,CREAM PIE,Yellow,1,1,1,1,1,1,1,1,,
263,215,204,142,SUMMER DUSK,Yellow,1,1,1,0,1,1,1,1,,
264,201,191,119,FRENCH HORN,Yellow,1,1,1,0,1,1,1,1,,
265,192,176,102,GOLD EMBLEM,Yellow,1,1,1,0,1,1,1,1,,
266,231,230,209,LIGHT NECTAR,Off White,1,1,1,1,1,1,1,1,,
267,234,226,169,TUSCAN YELLOW,Yellow,1,1,1,1,1,1,1,1,,
268,218,209,148,VALLEY RIDGE,Yellow,1,1,1,1,1,1,1,1,,
269,235,232,203,SPRING FROST,Yellow,1,1,1,1,1,1,1,1,,
270,232,227,191,MOONLIGHT,Yellow,1,1,1,1,1,1,1,1,,
271,222,211,148,YELLOW LAGOON,Yellow,1,1,1,0,1,1,1,1,,
272,228,212,144,HOLLYWOOD LIGHTS,Yellow,1,1,1,0,1,1,1,1,,
273,220,197,115,SUNRAYS,Yellow,1,1,1,0,1,1,1,1,,
274,240,235,197,ELECTRIC YELLOW,Yellow,1,1,1,1,1,1,1,1,,
275,240,233,174,DANDELION,Yellow,1,1,1,0,1,1,1,1,,
276,237,228,144,SUNNY HILL,Yellow,1,1,1,0,1,1,1,1,,
277,239,236,200,LEMON SHERBET,Yellow,1,1,1,1,1,1,1,1,,
278,234,225,141,STARLIGHT,Yellow,1,1,1,0,1,1,1,1,,
279,232,221,110,YELLOW BALLOON,Yellow,1,1,1,0,1,1,1,1,,
280,232,226,164,BAYSIDE,Yellow,1,1,1,1,1,1,1,1,,
281,221,205,103,GOLDEN GATE,Yellow,1,1,1,0,1,1,1,1,,
282,239,237,199,SHOOTING STAR,Yellow,1,1,1,1,1,1,1,1,,
283,223,214,111,MAJESTIC MOON,Yellow,1,1,1,0,1,1,1,1,,
284,226,221,164,DESERT SUNRISE,Yellow,1,1,1,1,1,1,1,1,,
285,221,216,147,SUMMER HAZE,Yellow,1,1,1,0,1,1,1,1,,
286,200,187,134,BRONZED BEIGE,Gold,1,1,1,0,1,1,1,1,,
287,223,219,178,PALE CELERY,Beige,1,1,1,1,1,1,1,1,,
288,228,227,206,MELLOW IVORY,Off White,1,1,1,1,1,1,1,1,,
289,195,189,141,FRESH OLIVE,Green,1,1,1,0,1,1,1,1,,
290,195,197,142,STEM GREEN,Green,1,1,1,1,1,1,1,1,,
291,208,207,151,SPRING DUST,Green,1,1,1,1,1,1,1,1,,
292,228,223,180,SANDSTORM,Yellow,1,1,1,1,1,1,1,1,,
293,222,216,166,HAY FIELD,Yellow,1,1,1,1,1,1,1,1,,
294,231,227,201,BOSTON CREAM,Beige,1,1,1,1,1,1,1,1,,
295,191,185,131,GRASSLAND,Green,1,1,1,0,1,1,1,1,,
296,175,168,103,FALL FOLIAGE,Green,1,1,1,0,1,1,1,1,,
297,226,224,178,EGGNOG,Yellow,1,1,1,1,1,1,1,1,,
298,218,216,161,PEAR JUICE,Yellow,1,1,1,1,1,1,1,1,,
299,211,207,135,GENERATION GOLD,Yellow,1,1,1,0,1,1,1,1,,
300,194,193,113,LILY POND,Green,1,1,1,0,1,1,1,1,,
301,205,212,114,SWEET LIME,Green,1,1,1,0,1,1,1,1,,
302,205,209,95,GREEN VINE,Green,1,1,1,0,1,1,1,1,,
303,170,185,98,KEY LIME,Green,1,1,1,0,1,1,1,1,,
304,178,200,117,CELADON,Green,1,1,1,0,1,1,1,1,,
305,165,188,105,FIELD DAY,Green,1,1,1,0,1,1,1,1,,
306,171,197,132,FRESH MINT,Green,1,1,1,0,1,1,1,1,,
307,149,175,104,PINE SPRINGS,Green,1,1,1,0,1,1,1,1,,
308,194,205,172,LIGHT MOSS,Green,1,1,1,1,1,1,1,1,,
309,174,178,144,PARK CENTRAL,Green,1,1,1,1,1,1,1,1,,
310,165,178,133,DARK CITRON,Green,1,1,1,0,1,1,1,1,,
311,139,154,109,FOREST GREEN,Green,1,1,1,0,1,1,1,1,,
312,108,124,88,HERBAL GREEN,Green,1,1,1,0,1,1,1,1,,
313,206,214,196,CUCUMBER,Green,1,1,1,1,1,1,1,1,,
314,193,201,181,SIMPLE SAGE,Green,1,1,1,1,1,1,1,1,,
315,173,182,154,ANTIQUE JADE,Green,1,1,1,0,1,1,1,1,,
316,145,155,124,TREE VINE,Green,1,1,1,0,1,1,1,1,,
317,108,117,94,PALM GREEN,Green,1,1,1,0,1,1,1,1,,
318,207,216,200,BEANSTALK,Green,1,1,1,1,1,1,1,1,,
319,192,202,184,CEDAR GROVE,Green,1,1,1,1,1,1,1,1,,
320,157,170,148,PINELANDS,Green,1,1,1,0,1,1,1,1,,
321,99,111,96,SPINACH LEAF,Green,1,1,1,0,1,1,1,1,,
322,93,102,91,DARK FOREST,Green,1,1,1,0,1,1,1,1,,
323,208,218,209,ADIRONDACK BREEZE,Green,1,1,1,1,1,1,1,1,,
324,196,208,193,SPRING VALLEY,Green,1,1,1,1,1,1,1,1,,
325,166,177,150,GARDEN PATH,Green,1,1,1,0,1,1,1,1,,
326,146,156,134,HILLSIDE,Green,1,1,1,0,1,1,1,1,,
327,129,141,119,SWEET BASIL,Green,1,1,1,0,1,1,1,1,,
328,101,113,91,ITALIAN CYPRESS,Green,1,1,1,0,1,1,1,1,,
329,205,215,205,FRESH DEW,Green,1,1,1,1,1,1,1,1,,
330,188,197,186,SERENE BREEZE,Green,1,1,1,1,1,1,1,1,,
331,161,169,154,ROSEPINE,Green,1,1,1,0,1,1,1,1,,
332,222,226,217,WINTER MORNING,Green,1,1,1,1,1,1,1,1,,
333,209,214,204,GREEN TEA,Green,1,1,1,1,1,1,1,1,,
334,170,174,152,MOSS,Green,1,1,1,1,1,1,1,1,,
335,132,136,114,LANDSCAPE,Green,1,1,1,0,1,1,1,1,,
336,112,116,98,FERN GULLY,Green,1,1,1,0,1,1,1,1,,
337,218,221,200,CACTUS FLOWER,Green,1,1,1,1,1,1,1,1,,
338,174,180,150,MILL SPRINGS,Green,1,1,1,0,1,1,1,1,,
339,155,160,124,DILL WEED,Green,1,1,1,0,1,1,1,1,,
340,133,138,102,FARMLAND,Green,1,1,1,0,1,1,1,1,,
341,210,214,191,HARBOR MIST,Green,1,1,1,1,1,1,1,1,,
342,181,186,151,GEORGIA GREEN,Green,1,1,1,0,1,1,1,1,,
343,155,161,121,OAK GROVE,Green,1,1,1,0,1,1,1,1,,
344,129,135,99,MAPLE LEAF,Green,1,1,1,0,1,1,1,1,,
345,165,165,126,OLIVE,Green,1,1,1,0,1,1,1,1,,
346,137,137,100,HERBAL ESCAPE,Green,1,1,1,0,1,1,1,1,,
347,203,207,179,NATURE TRAIL,Green,1,1,1,1,1,1,1,1,,
348,196,199,170,PALE GREEN,Green,1,1,1,1,1,1,1,1,,
349,179,183,147,CROP LINE,Green,1,1,1,0,1,1,1,1,,
350,144,145,106,SEAWEED,Green,1,1,1,0,1,1,1,1,,
351,214,217,203,SEASALT,Green,1,1,1,1,1,1,1,1,,
352,186,186,166,GREENBROOK,Green,1,1,1,1,1,1,1,1,,
353,165,166,142,PINE NEEDLE,Green,1,1,1,0,1,1,1,1,,
354,130,127,102,IVY LANE,Green,1,1,1,0,1,1,1,1,,
355,217,213,192,PEBBLE BEACH,Beige,1,1,1,1,1,1,1,1,,
356,202,199,174,COASTAL FOG,Tan,1,1,1,1,1,1,1,1,,
357,152,146,113,RIVER EDGE,Green,1,1,1,0,1,1,1,1,,
358,126,122,92,DEEP FOREST,Green,1,1,1,0,1,1,1,1,,
359,231,230,214,SWEET COCONUT,Off White,1,1,1,1,1,1,1,1,,
360,215,215,191,SAFARI TRAIL,Green,1,1,1,1,1,1,1,1,,
361,182,181,144,ROSE THORN,Green,1,1,1,0,1,1,1,1,,
362,147,143,105,HIKING PATH,Green,1,1,1,0,1,1,1,1,,
363,210,214,176,CHAMELEON,Green,1,1,1,1,1,1,1,1,,
364,203,207,163,COUNTRY GREEN,Green,1,1,1,1,1,1,1,1,,
365,192,196,144,SWEET PEA,Green,1,1,1,0,1,1,1,1,,
366,164,169,115,TREE LINE,Green,1,1,1,0,1,1,1,1,,
367,160,161,112,ASPARAGUS,Green,1,1,1,0,1,1,1,1,,
368,173,183,131,WOODLAND HILLS,Green,1,1,1,0,1,1,1,1,,
369,189,203,166,VERANDA VIEW,Green,1,1,1,0,1,1,1,1,,
370,175,189,138,COURTYARD,Green,1,1,1,0,1,1,1,1,,
371,160,177,122,KIWI TWIST,Green,1,1,1,0,1,1,1,1,,
372,150,166,118,PALACE GARDEN,Green,1,1,1,0,1,1,1,1,,
373,136,169,103,PARADISE GROVE,Green,1,1,1,0,1,1,1,1,,
374,160,186,149,SEA OF GREEN,Green,1,1,1,0,1,1,1,1,,
375,141,174,131,GRASSY MEADOW,Green,1,1,1,0,1,1,1,1,,
376,99,122,98,CILANTRO,Green,1,1,1,0,1,1,1,1,,
377,136,178,124,CLOVER,Green,1,1,1,0,1,1,1,1,,
378,135,185,153,PARKSIDE,Teal,1,1,1,0,1,1,1,1,,
379,112,158,124,OCEAN VIEW,Green,1,1,1,0,1,1,1,1,,
380,151,190,162,FLORIDA COAST,Teal,1,1,1,0,1,1,1,1,,
381,122,165,133,IRISH SPRING,Green,1,1,1,0,1,1,1,1,,
382,143,191,165,SPRING FRESH,Teal,1,1,1,0,1,1,1,1,,
383,115,168,137,MOUNTAIN VIEW,Green,1,1,1,0,1,1,1,1,,
384,90,140,112,DEEP JUNGLE,Green,1,1,1,0,1,1,1,1,,
385,83,114,98,CYPRESS,Green,1,1,1,0,1,1,1,1,,
386,211,228,221,SPEARMINT,Aqua,1,1,1,1,1,1,1,1,,
387,191,217,204,WAVE CREST,Aqua,1,1,1,1,1,1,1,1,,
388,161,197,179,AQUAMARINE,Aqua,1,1,1,0,1,1,1,1,,
389,133,170,152,JUNIPER,Teal,1,1,1,0,1,1,1,1,,
390,107,145,127,EUCALYPTUS,Teal,1,1,1,0,1,1,1,1,,
391,169,210,196,SOOTHING GREEN,Aqua,1,1,1,0,1,1,1,1,,
392,143,193,175,GREAT ESCAPE,Aqua,1,1,1,0,1,1,1,1,,
393,108,167,145,HAWAIIAN ISLANDS,Teal,1,1,1,0,1,1,1,1,,
394,89,135,116,SHAMROCK,Green,1,1,1,0,1,1,1,1,,
395,173,202,190,FLORIDA KEYS,Teal,1,1,1,0,1,1,1,1,,
396,155,188,172,TEA TREE,Teal,1,1,1,0,1,1,1,1,,
397,124,162,140,PINE TRAIL,Green,1,1,1,0,1,1,1,1,,
398,88,122,107,RAIN FOREST,Green,1,1,1,0,1,1,1,1,,
399,186,204,186,MOSAIC,Green,1,1,1,0,1,1,1,1,,
400,171,190,170,SPRING ESSENCE,Green,1,1,1,0,1,1,1,1,,
401,147,168,141,WEEPING WILLOW,Green,1,1,1,0,1,1,1,1,,
402,121,140,117,ALPINE TRAIL,Green,1,1,1,0,1,1,1,1,,
403,98,113,96,FOREST VALLEY,Green,1,1,1,0,1,1,1,1,,
404,201,214,203,COASTAL BREEZE,Teal,1,1,1,1,1,1,1,1,,
405,185,202,190,GARDEN VIEW,Teal,1,1,1,1,1,1,1,1,,
406,173,191,177,CREEKSIDE,Green,1,1,1,0,1,1,1,1,,
407,154,174,158,ORGANIC GREEN,Green,1,1,1,0,1,1,1,1,,
408,135,155,134,PARSLEY,Green,1,1,1,0,1,1,1,1,,
409,119,136,119,WILLOW TREE,Green,1,1,1,0,1,1,1,1,,
410,105,123,107,ARUGULA,Green,1,1,1,0,1,1,1,1,,
411,189,206,194,MORNING MIST,Teal,1,1,1,1,1,1,1,1,,
412,172,194,181,GREENFIELD,Green,1,1,1,0,1,1,1,1,,
413,149,175,162,RIVER REFLECTION,Green,1,1,1,0,1,1,1,1,,
414,113,144,129,EVERGLADES,Green,1,1,1,0,1,1,1,1,,
415,97,125,114,PALM TREES,Green,1,1,1,0,1,1,1,1,,
416,170,202,193,FRESCO,"Aqua,Teal",1,1,1,0,1,1,1,1,,
417,139,183,170,TUNISIAN,"Aqua,Teal",1,1,1,0,1,1,1,1,,
418,123,168,153,TAMPA BAY,"Aqua,Teal",1,1,1,0,1,1,1,1,,
419,96,133,120,BRAZILLIAN FOREST,"Aqua,Teal",1,1,1,0,1,1,1,1,,
420,130,185,185,TURQUOISE,"Aqua,Teal",1,1,1,0,1,1,1,1,,
421,111,169,170,OCEAN FRONT,"Aqua,Teal",1,1,1,0,1,1,1,1,,
422,85,145,144,PARADISE ISLAND,"Aqua,Teal",1,1,1,0,1,1,1,1,,
423,175,204,202,SHORELINE,"Aqua,Teal",1,1,1,1,1,1,1,1,,
424,159,194,194,CARIBBEAN,"Aqua,Teal",1,1,1,0,1,1,1,1,,
425,139,179,178,OCEANIC TEAL,"Aqua,Teal",1,1,1,0,1,1,1,1,,
426,113,155,152,HARBORSIDE,"Aqua,Teal",1,1,1,0,1,1,1,1,,
427,87,124,123,TEAL COAST,"Aqua,Teal",1,1,1,0,1,1,1,1,,
428,205,219,218,LIGHT BREEZE,"Aqua,Teal",1,1,1,1,1,1,1,1,,
429,181,204,202,SEABROOK,"Aqua,Teal",1,1,1,1,1,1,1,1,,
430,163,188,187,OCEAN WATERS,"Aqua,Teal",1,1,1,0,1,1,1,1,,
431,105,131,127,ATLANTIC RIM,"Aqua,Teal",1,1,1,0,1,1,1,1,,
432,200,215,210,WARM SPRING,"Aqua,Teal",1,1,1,1,1,1,1,1,,
433,161,183,176,TUSCAN TEAL,"Aqua,Teal",1,1,1,0,1,1,1,1,,
434,126,149,142,PACIFIC STORM,Green,1,1,1,0,1,1,1,1,,
435,102,123,115,DEEP SEA,Green,1,1,1,0,1,1,1,1,,
436,174,189,186,MISTY MOUNTAIN,Green,1,1,1,1,1,1,1,1,,
437,152,168,162,GREEN HOUSE,Green,1,1,1,0,1,1,1,1,,
438,130,146,142,HIDDEN HILLS,Green,1,1,1,0,1,1,1,1,,
439,105,121,113,FOREST PATH,Green,1,1,1,0,1,1,1,1,,
440,207,215,208,HAZY GROVE,Green,1,1,1,1,1,1,1,1,,
441,184,195,185,DISTANT LANDSCAPE,Green,1,1,1,1,1,1,1,1,,
442,133,144,133,FRESH SOD,Green,1,1,1,0,1,1,1,1,,
443,180,192,184,SPRING RAIN,Green,1,1,1,1,1,1,1,1,,
444,140,155,149,MOTHER EARTH,Green,1,1,1,0,1,1,1,1,,
445,126,141,134,TREETOP,Green,1,1,1,0,1,1,1,1,,
446,168,187,184,ROLLING WAVES,Green,1,1,1,0,1,1,1,1,,
447,124,145,144,GLENWOOD GREEN,Green,1,1,1,0,1,1,1,1,,
448,94,113,113,PINE HAVEN,Green,1,1,1,0,1,1,1,1,,
449,184,205,211,WINTER ESCAPE,Blue,1,1,1,1,1,1,1,1,,
450,156,188,198,WATERFALL,Blue,1,1,1,0,1,1,1,1,,
451,115,150,162,SURFSIDE,Blue,1,1,1,0,1,1,1,1,,
452,95,128,140,RIVIERA,Blue,1,1,1,0,1,1,1,1,,
453,146,192,196,TRANQUIL TEAL,"Aqua,Teal",1,1,1,0,1,1,1,1,,
454,115,169,170,PALM COAST,"Aqua,Teal",1,1,1,0,1,1,1,1,,
455,87,142,146,POLISHED AQUA,"Aqua,Teal",1,1,1,0,1,1,1,1,,
456,85,125,130,KEY LARGO,"Aqua,Teal",1,1,1,0,1,1,1,1,,
457,194,217,223,DOCK SIDE,Blue,1,1,1,1,1,1,1,1,,
458,176,204,212,WINTER CHILL,Blue,1,1,1,1,1,1,1,1,,
459,169,198,208,CAPE COD BLUE,Blue,1,1,1,0,1,1,1,1,,
460,157,190,204,EASTERN SKY,Blue,1,1,1,1,1,1,1,1,,
461,141,173,188,SKY SCRAPER,Blue,1,1,1,0,1,1,1,1,,
462,119,156,174,BLUE RAPIDS,Blue,1,1,1,0,1,1,1,1,,
463,101,149,163,BAHAMA BREEZE,Blue,1,1,1,0,1,1,1,1,,
464,123,173,190,CRYSTAL SPRING,Blue,1,1,1,0,1,1,1,1,,
465,205,224,229,ICE CAP,Blue,1,1,1,0,1,1,1,1,,
466,195,218,225,FROZEN LAKE,Blue,1,1,1,0,1,1,1,1,,
467,109,158,193,WILD BLUE,Blue,1,1,1,0,1,1,1,1,,
468,200,217,226,SOLSTICE,Blue,1,1,1,1,1,1,1,1,,
469,184,207,221,OCEAN DRIVE,Blue,1,1,1,1,1,1,1,1,,
470,134,163,189,ISLAND VIEW,Blue,1,1,1,0,1,1,1,1,,
471,89,115,145,LAKEVILLE,Blue,1,1,1,0,1,1,1,1,,
472,182,206,233,BLUE WAVE,Blue,1,1,1,1,1,1,1,1,,
473,187,213,231,CARIBBEAN COAST,Blue,1,1,1,0,1,1,1,1,,
474,191,215,231,LAGUNA HAZE,Blue,1,1,1,0,1,1,1,1,,
475,111,160,198,SEAPORT BLUE,Blue,1,1,1,0,1,1,1,1,,
476,115,149,190,DEEP OCEAN,Blue,1,1,1,0,1,1,1,1,,
477,108,157,199,UTAH SKY,Blue,1,1,1,0,1,1,1,1,,
478,129,167,202,LIGHT AZURE,Blue,1,1,1,0,1,1,1,1,,
479,179,206,228,CLEAR SKIES,Blue,1,1,1,1,1,1,1,1,,
480,154,187,220,AIR STREAM,Blue,1,1,1,0,1,1,1,1,,
481,145,179,218,SEA VOYAGE,Blue,1,1,1,0,1,1,1,1,,
482,192,210,228,PARADISE,Blue,1,1,1,1,1,1,1,1,,
483,173,195,221,DENIM,Blue,1,1,1,0,1,1,1,1,,
484,98,122,175,BLUE BAYOU,Blue,1,1,1,0,1,1,1,1,,
485,166,186,210,BAY VIEW,Blue,1,1,1,0,1,1,1,1,,
486,122,147,183,LUCERNE,Blue,1,1,1,0,1,1,1,1,,
487,95,118,158,OCEAN CITY,Blue,1,1,1,0,1,1,1,1,,
488,200,212,223,CALM WINTER,Blue,1,1,1,1,1,1,1,1,,
489,125,142,178,SAPPHIRE FOG,Blue,1,1,1,0,1,1,1,1,,
490,214,222,228,FROST,Blue,1,1,1,1,1,1,1,1,,
491,200,212,228,ENCHANTING SKY,Blue,1,1,1,1,1,1,1,1,,
492,204,210,224,SOFT LAVENDER,"Blue,Purple",1,1,1,1,1,1,1,1,,
493,167,178,206,SWEET DREAMS,Blue,1,1,1,1,1,1,1,1,,
494,113,120,154,OCEAN NIGHT,Blue,1,1,1,0,1,1,1,1,,
495,160,169,193,MISTED EVE,Blue,1,1,1,0,1,1,1,1,,
496,196,208,219,AFTERNOON SKY,Blue,1,1,1,1,1,1,1,1,,
497,168,181,200,TRADITIONAL BLUE,Blue,1,1,1,1,1,1,1,1,,
498,152,165,187,OVERCAST,Blue,1,1,1,0,1,1,1,1,,
499,129,143,169,RAIN STORM,Blue,1,1,1,0,1,1,1,1,,
500,233,235,230,COLD MORNING,Off White,1,1,1,1,1,1,1,1,,
501,219,228,222,DISTANT HAZE,Green,1,1,1,1,1,1,1,1,,
502,219,229,222,ALOE MIST,"Aqua,Teal",1,1,1,1,1,1,1,1,,
503,218,227,224,FROSTY MINT,"Aqua,Teal",1,1,1,1,1,1,1,1,,
504,230,229,222,DOVE'S WING,Off White,1,1,1,1,1,1,1,1,,
505,221,221,214,COTTON FIELD,Off White,1,1,1,1,1,1,1,1,,
506,217,215,208,MARBLE DUST,Beige,1,1,1,1,1,1,1,1,,
507,209,207,199,FINE TAUPE,Beige,1,1,1,1,1,1,1,1,,
508,195,191,182,POROUS STONE,Tan,1,1,1,1,1,1,1,1,,
509,226,226,219,WINDY SKY,Off White,1,1,1,1,1,1,1,1,,
510,220,223,216,LIGHT SUEDE,Grey,1,1,1,1,1,1,1,1,,
511,219,225,222,ICE STORM,Blue,1,1,1,1,1,1,1,1,,
512,214,220,219,SPARKLING FROST,Blue,1,1,1,1,1,1,1,1,,
513,225,226,224,WHITE BLUSH,Off White,1,1,1,1,1,1,1,1,,
514,217,220,222,LACE VEIL,Blue,1,1,1,1,1,1,1,1,,
515,228,221,217,PINK ESSENCE,Pink,1,1,1,1,1,1,1,1,,
516,228,226,227,SOFT VIOLET,Purple,1,1,1,1,1,1,1,1,,
517,235,227,219,PALE NECTAR,Pink,1,1,1,1,1,1,1,1,,
518,235,218,214,SATIN RIBBON,Pink,1,1,1,1,1,1,1,1,,
519,236,230,220,WHISPER,Off White,1,1,1,1,1,1,1,1,,
520,236,227,216,DISTANT BEIGE,"Orange,Peach",1,1,1,1,1,1,1,1,,
521,235,223,211,AMBROSIA,"Orange,Peach",1,1,1,1,1,1,1,1,,
522,232,219,204,NEUTRAL PINK,"Orange,Peach",1,1,1,1,1,1,1,1,,
523,226,212,198,SOFT CORAL,"Orange,Peach",1,1,1,1,1,1,1,1,,
524,240,237,220,WHITE BEACH,Yellow,1,1,1,1,1,1,1,1,,
525,233,221,194,IVORY OATS,"Orange,Peach",1,1,1,1,1,1,1,1,,
526,234,223,203,VINTAGE LACE,"Orange,Peach",1,1,1,1,1,1,1,1,,
527,237,234,223,COTTON CLOTH,Off White,1,1,1,1,1,1,1,1,,
528,234,229,211,ANTIQUE WHITE,Off White,1,1,1,1,1,1,1,1,,
529,228,220,201,CARAMEL CREAM,Beige,1,1,1,1,1,1,1,1,,
530,240,234,219,CAMEO WHITE,Off White,1,1,1,1,1,1,1,1,,
531,235,232,218,SEASHELL,Off White,1,1,1,1,1,1,1,1,,
532,235,229,208,SANDY BEACHES,Off White,1,1,1,1,1,1,1,1,,
533,230,220,188,RICH IVORY,Yellow,1,1,1,1,1,1,1,1,,
534,235,229,202,PUMPKIN SEED,Yellow,1,1,1,1,1,1,1,1,,
535,235,234,221,WHITE DOWN,Off White,1,1,1,1,1,1,1,1,,
536,230,228,214,WHITE ROCK,Off White,1,1,1,1,1,1,1,1,,
537,227,225,208,SWAN LAKE,Off White,1,1,1,1,1,1,1,1,,
538,240,238,221,MOON BEAM,Off White,1,1,1,1,1,1,1,1,,
539,236,234,209,PEARLY STAR,Yellow,1,1,1,1,1,1,1,1,,
540,232,231,218,SWISS COFFEE,Off White,1,1,1,1,1,1,1,1,,
541,227,227,212,WINTER RAIN,Off White,1,1,1,1,1,1,1,1,,
542,225,225,208,ANTIQUE PAPER,Off White,1,1,1,1,1,1,1,1,,
543,223,222,203,PEBBLE ROCK,Green,1,1,1,1,1,1,1,1,,
544,231,229,210,PALACE WHITE,Off White,1,1,1,1,1,1,1,1,,
545,228,225,207,MODERN IVORY,"Off White,Beige",1,1,1,1,1,1,1,1,,
546,221,219,201,STARDUST,"Off White,Beige",1,1,1,1,1,1,1,1,,
547,228,225,207,BAJA WHITE,Off White,1,1,1,1,1,1,1,1,,
548,226,220,202,PALE ALMOND,Beige,1,1,1,1,1,1,1,1,,
549,225,218,196,FINE SILK,Beige,1,1,1,1,1,1,1,1,,
550,228,224,208,SOFT DOWN,Beige,1,1,1,1,1,1,1,1,,
551,231,224,204,COTTAGE CHARM,Beige,1,1,1,1,1,1,1,1,,
552,223,221,210,ALASKAN SKIES,Grey,1,1,1,1,1,1,1,1,,
553,227,221,207,CANVAS,Beige,1,1,1,1,1,1,1,1,,
554,219,216,206,WHITE SAND,Grey,1,1,1,1,1,1,1,1,,
555,199,196,185,FROZEN POND,Grey,1,1,1,1,1,1,1,1,,
556,224,221,208,TAPESTRY,Off White,1,1,1,1,1,1,1,1,,
557,176,169,150,COASTAL STORM,Taupe,1,1,1,1,1,1,1,1,,
558,159,152,135,TRAIL DUST,Taupe,1,1,1,1,1,1,1,1,,
559,128,122,109,WOODLAKE,Brown,1,1,1,0,1,1,1,1,,
560,202,195,183,STUCCO TAN,Tan,1,1,1,1,1,1,1,1,,
561,175,168,152,DRY CREEK,Tan,1,1,1,1,1,1,1,1,,
562,155,146,126,SMOKEY TAUPE,"Brown,Tan",1,1,1,1,1,1,1,1,,
563,217,210,201,FRENCH WHITE,Beige,1,1,1,1,1,1,1,1,,
564,200,193,184,ROSY TAN,Tan,1,1,1,1,1,1,1,1,,
565,198,190,181,MOCHA CREAM,Tan,1,1,1,1,1,1,1,1,,
566,185,176,165,FRONTIER,Tan,1,1,1,1,1,1,1,1,,
567,159,149,136,CLAY BISQUE,Brown,1,1,1,1,1,1,1,1,,
568,133,122,112,CANYON DUSK,Brown,1,1,1,0,1,1,1,1,,
569,128,118,107,ANCIENT EARTH,Brown,1,1,1,0,1,1,1,1,,
570,198,192,180,FADED GRAY,Beige,1,1,1,1,1,1,1,1,,
571,159,150,135,TWILIGHT TAUPE,Taupe,1,1,1,0,1,1,1,1,,
572,134,125,108,COBBLESTONE,Taupe,1,1,1,0,1,1,1,1,,
573,113,105,89,NORTHWOOD BRONZE,Taupe,1,1,1,0,1,1,1,1,,
574,221,215,205,HAZELWOOD,Beige,1,1,1,1,1,1,1,1,,
575,220,213,205,HARBOR BEIGE,Beige,1,1,1,1,1,1,1,1,,
576,194,187,177,ASHWOOD TAN,Tan,1,1,1,1,1,1,1,1,,
577,170,161,150,BEDFORD CREEK,Tan,1,1,1,1,1,1,1,1,,
578,223,215,207,PINK BLUSH,Pink,1,1,1,1,1,1,1,1,,
579,199,188,178,CEDAR RIDGE,Pink,1,1,1,1,1,1,1,1,,
580,174,160,148,TAUPE TONE,Brown,1,1,1,1,1,1,1,1,,
581,150,134,119,WOOD LAKE,Brown,1,1,1,0,1,1,1,1,,
582,137,118,103,COCOA,Brown,1,1,1,0,1,1,1,1,,
583,130,112,100,BROWN LEATHER,Brown,1,1,1,0,1,1,1,1,,
584,225,219,208,SHABBY CHIC,Off White,1,1,1,1,1,1,1,1,,
585,218,208,195,WEST WINDS,Beige,1,1,1,1,1,1,1,1,,
586,177,165,149,LONG VALLEY,Tan,1,1,1,1,1,1,1,1,,
587,138,124,110,BIRCH TREE,Brown,1,1,1,0,1,1,1,1,,
588,218,210,199,TUSCAN BREEZE,Beige,1,1,1,1,1,1,1,1,,
589,153,134,118,WOOD GRAIN,Brown,1,1,1,0,1,1,1,1,,
590,149,133,117,RIVER ROCKS,Brown,1,1,1,0,1,1,1,1,,
591,222,214,198,CELCTIC LINEN,Beige,1,1,1,1,1,1,1,1,,
592,215,207,192,CLAY STONE,Beige,1,1,1,1,1,1,1,1,,
593,184,170,148,SIERRA HILLS,Tan,1,1,1,1,1,1,1,1,,
594,141,127,106,DEER TRAIL,Brown,1,1,1,0,1,1,1,1,,
595,220,213,195,BARLEY,Beige,1,1,1,1,1,1,1,1,,
596,200,188,162,BAMBOO,Tan,1,1,1,0,1,1,1,1,,
597,164,148,116,AUTUMN BROWN,Brown,1,1,1,0,1,1,1,1,,
598,225,216,193,CLAY DUST,Beige,1,1,1,1,1,1,1,1,,
599,215,206,178,AUTHENTIC TAN,Beige,1,1,1,1,1,1,1,1,,
600,203,192,164,CASUAL KHAKI,Beige,1,1,1,1,1,1,1,1,,
601,225,219,202,MACAROON,Beige,1,1,1,1,1,1,1,1,,
602,217,205,185,AUTUMN BLUSH,Beige,1,1,1,1,1,1,1,1,,
603,200,188,165,CASTLE BEIGE,Beige,1,1,1,1,1,1,1,1,,
604,180,166,139,MAPLE VALLEY,Brown,1,1,1,1,1,1,1,1,,
605,164,148,120,TRAIL BEIGE,Brown,1,1,1,0,1,1,1,1,,
606,148,133,107,RIVER ROAD,Brown,1,1,1,0,1,1,1,1,,
607,222,213,191,SAND DRIFT,Beige,1,1,1,1,1,1,1,1,,
608,203,190,164,WOODASH,Tan,1,1,1,1,1,1,1,1,,
609,174,155,119,NATURAL TWINE,Brown,1,1,1,0,1,1,1,1,,
610,232,227,209,SMOOTH SILK,Off White,1,1,1,1,1,1,1,1,,
611,195,177,143,NUTSHELL,Brown,1,1,1,1,1,1,1,1,,
612,187,165,128,ROASTED CASHEW,Brown,1,1,1,0,1,1,1,1,,
613,223,214,192,WHITE MOCHA,Beige,1,1,1,1,1,1,1,1,,
614,183,168,141,HILLCREST TAN,Tan,1,1,1,1,1,1,1,1,,
615,159,141,112,OAKWOOD,Brown,1,1,1,0,1,1,1,1,,
616,222,212,197,FRENCH CREAME,Beige,1,1,1,1,1,1,1,1,,
617,213,202,188,NUTMEG FROST,Tan,1,1,1,1,1,1,1,1,,
618,195,179,159,ALMOND LATTE,Tan,1,1,1,1,1,1,1,1,,
619,174,156,131,ANCIENT POTTERY,Brown,1,1,1,1,1,1,1,1,,
620,138,120,99,CIDER SPICE,Brown,1,1,1,0,1,1,1,1,,
621,232,222,205,CREAMY SATIN,Beige,1,1,1,1,1,1,1,1,,
622,226,213,191,MOON DUST,Beige,1,1,1,1,1,1,1,1,,
623,219,203,177,GOLDEN PASTEL,Beige,1,1,1,1,1,1,1,1,,
624,202,182,151,APPLE TURNOVER,Beige,1,1,1,1,1,1,1,1,,
625,185,161,129,AUTUMN HARVEST,Brown,1,1,1,0,1,1,1,1,,
626,221,214,192,WHITE WOOL,Beige,1,1,1,1,1,1,1,1,,
627,209,200,175,DESERT KHAKI,Beige,1,1,1,1,1,1,1,1,,
628,194,178,143,PERFECT TAN,Tan,1,1,1,0,1,1,1,1,,
629,171,153,112,CASUAL GOLD,Brown,1,1,1,0,1,1,1,1,,
630,163,142,105,BOARDWALK,Brown,1,1,1,0,1,1,1,1,,
631,214,197,164,SESAME,Tan,1,1,1,1,1,1,1,1,,
632,203,182,146,CAMEL BACK,Tan,1,1,1,1,1,1,1,1,,
633,191,168,126,SUMMERWOOD,"Brown,Tan",1,1,1,0,1,1,1,1,,
634,173,144,106,BROWN SUGAR,Brown,1,1,1,0,1,1,1,1,,
635,221,210,185,VANILLA FROST,Beige,1,1,1,1,1,1,1,1,,
636,224,209,182,BAYSHORE BEIGE,Beige,1,1,1,1,1,1,1,1,,
637,220,202,169,VELLUM,Tan,1,1,1,1,1,1,1,1,,
638,192,168,125,SANDY VALLEY,Brown,1,1,1,0,1,1,1,1,,
639,180,155,113,BARLEY HARVEST,Brown,1,1,1,0,1,1,1,1,,
640,227,215,193,MORNING GLOW,Beige,1,1,1,1,1,1,1,1,,
641,208,192,161,CRESTWOOD TAN,Tan,1,1,1,1,1,1,1,1,,
642,178,154,114,LIGHT CARAMEL,Brown,1,1,1,0,1,1,1,1,,
643,191,176,151,PALM DESERT,Tan,1,1,1,1,1,1,1,1,,
644,178,159,130,RODEO TAN,Brown,1,1,1,1,1,1,1,1,,
645,144,121,89,WEATHERED OAK,Brown,1,1,1,0,1,1,1,1,,
646,125,109,87,WOODCRAFT,Brown,1,1,1,0,1,1,1,1,,
647,186,169,143,SADDLE TAN,Tan,1,1,1,1,1,1,1,1,,
648,174,151,121,GINGERSNAP,Brown,1,1,1,0,1,1,1,1,,
649,153,128,103,TIMBERWOOD,Brown,1,1,1,0,1,1,1,1,,
650,145,121,102,HIDDEN VALLEY,Brown,1,1,1,0,1,1,1,1,,
651,225,211,191,MELON ICE,"Orange,Peach",1,1,1,1,1,1,1,1,,
652,215,195,171,TOFFEE CREAM,"Orange,Peach",1,1,1,1,1,1,1,1,,
653,175,148,112,MAPLE SYRUP,Brown,1,1,1,0,1,1,1,1,,
654,222,212,192,VERONA BEACH,Beige,1,1,1,1,1,1,1,1,,
655,215,202,179,POINT BEACH,Tan,1,1,1,1,1,1,1,1,,
656,190,159,116,PUMPKIN SPICE,"Orange,Peach",1,1,1,0,1,1,1,1,,
657,229,220,204,CANDLE LIGHT,Off White,1,1,1,1,1,1,1,1,,
658,223,210,194,CONCH SHELL,Beige,1,1,1,1,1,1,1,1,,
659,195,171,146,STARFISH,Brown,1,1,1,0,1,1,1,1,,
660,186,156,129,MOUNTAIN TRAIL,"Orange,Peach",1,1,1,0,1,1,1,1,,
661,231,222,209,ANGEL FEATHER,Off White,1,1,1,1,1,1,1,1,,
662,214,200,186,ALMOND KISS,Tan,1,1,1,1,1,1,1,1,,
663,199,179,160,CINNAMON TEA,Tan,1,1,1,0,1,1,1,1,,
664,156,130,111,TIMELESS COPPER,Brown,1,1,1,0,1,1,1,1,,
665,150,126,105,BAKED SIENNA,Brown,1,1,1,0,1,1,1,1,,
666,222,209,197,SIMPLE COTTAGE,Beige,1,1,1,1,1,1,1,1,,
667,210,194,180,SOUTHERN CHARM,Tan,1,1,1,1,1,1,1,1,,
668,187,167,144,GROUNDHOG,Brown,1,1,1,1,1,1,1,1,,
669,177,150,124,LOG CABIN,Brown,1,1,1,0,1,1,1,1,,
670,216,199,187,STRAWBERRY CREAM,Pink,1,1,1,1,1,1,1,1,,
671,197,176,163,DUSTY ROSE,Pink,1,1,1,1,1,1,1,1,,
672,179,152,136,POTTER'S CLAY,Brown,1,1,1,0,1,1,1,1,,
673,149,122,103,SUGAR MAPLE,Brown,1,1,1,0,1,1,1,1,,
674,222,208,199,PINK MOIRE,Pink,1,1,1,1,1,1,1,1,,
675,184,158,147,VINTAGE PINK,Pink,1,1,1,0,1,1,1,1,,
676,176,148,133,DEERFIELD,Brown,1,1,1,0,1,1,1,1,,
677,159,128,115,DARK BLUSH,Brown,1,1,1,0,1,1,1,1,,
678,217,200,193,ROSE WATER,Pink,1,1,1,1,1,1,1,1,,
679,204,180,169,CORAL BEIGE,Pink,1,1,1,1,1,1,1,1,,
680,192,163,151,SANTA ROSA,Pink,1,1,1,0,1,1,1,1,,
681,176,141,126,VINTAGE CHARM,Brown,1,1,1,0,1,1,1,1,,
682,222,199,189,SUN DANCE,Pink,1,1,1,1,1,1,1,1,,
683,198,165,149,CALIFORNIA CORAL,"Orange,Peach",1,1,1,0,1,1,1,1,,
684,170,130,109,MEXICAN TILE,Brown,1,1,1,0,1,1,1,1,,
685,225,201,184,ANTIQUE PINK,Pink,1,1,1,0,1,1,1,1,,
686,212,181,172,CARNATION,Pink,1,1,1,0,1,1,1,1,,
687,196,159,143,PALMETTO PINK,Pink,1,1,1,0,1,1,1,1,,
688,180,133,120,BAKED TERRACOTTA,"Red,Burgundy",1,1,1,0,1,1,1,1,,
689,163,109,95,APPLE CIDER,"Red,Burgundy",1,1,1,0,1,1,1,1,,
690,196,174,152,OUTER BANKS,Tan,1,1,1,1,1,1,1,1,,
691,179,149,125,RUGGED TAN,Brown,1,1,1,0,1,1,1,1,,
692,217,196,178,SUNSET DRIVE,Beige,1,1,1,1,1,1,1,1,,
693,190,159,134,TUSCANY,Tan,1,1,1,0,1,1,1,1,,
694,168,133,104,TOASTED ALMONDS,Brown,1,1,1,0,1,1,1,1,,
695,189,165,142,FAWN,Tan,1,1,1,1,1,1,1,1,,
696,174,142,112,BIRCHWOOD,Brown,1,1,1,0,1,1,1,1,,
697,166,134,109,HIKER'S TRAIL,Brown,1,1,1,0,1,1,1,1,,
698,137,110,93,DESERT CLAY,Brown,1,1,1,0,1,1,1,1,,
699,183,161,141,SWEET TEA,Tan,1,1,1,1,1,1,1,1,,
700,175,147,126,SANDALWOOD,Brown,1,1,1,0,1,1,1,1,,
701,159,129,111,OREGON TRAIL,Brown,1,1,1,0,1,1,1,1,,
702,197,183,175,MOCHA ICE,Tan,1,1,1,1,1,1,1,1,,
703,176,158,147,BAY BROWN,Brown,1,1,1,1,1,1,1,1,,
704,150,131,116,SORREL BROWN,Brown,1,1,1,0,1,1,1,1,,
705,139,118,105,FRENCH TRUFFLE,Brown,1,1,1,0,1,1,1,1,,
706,234,227,220,TROPICAL SAND,Off White,1,1,1,1,1,1,1,1,,
707,189,175,167,CAFÃ‰ MOCHA,Tan,1,1,1,1,1,1,1,1,,
708,155,137,126,SAND PEBBLE,Brown,1,1,1,0,1,1,1,1,,
709,167,143,128,LIGHT TRUFFLE,Brown,1,1,1,0,1,1,1,1,,
710,193,173,168,FADING ROSE,Pink,1,1,1,1,1,1,1,1,,
711,160,135,130,RICH CLAY,"Taupe,Brown",1,1,1,0,1,1,1,1,,
712,96,86,78,COFFEE BEAN,Brown,1,1,1,0,1,1,1,1,,
713,226,218,215,CAMEO STONE,Pink,1,1,1,1,1,1,1,1,,
714,217,206,203,ROSE PEARL,Pink,1,1,1,1,1,1,1,1,,
715,185,170,167,BERRY CREAM,Pink,1,1,1,1,1,1,1,1,,
716,163,144,142,ROSETTA,Brown,1,1,1,0,1,1,1,1,,
717,133,114,108,WYNWOOD,Brown,1,1,1,0,1,1,1,1,,
718,229,222,220,VICTORIAN WHITE,Off White,1,1,1,1,1,1,1,1,,
719,218,210,209,MYSTIC CHARM,Pink,1,1,1,1,1,1,1,1,,
720,130,115,118,MULBERRY,"Taupe,Brown",1,1,1,0,1,1,1,1,,
721,216,200,199,BALLET SLIPPER,Pink,1,1,1,1,1,1,1,1,,
722,207,184,186,ROSE POTTERY,Pink,1,1,1,1,1,1,1,1,,
723,148,118,117,PLUMVILLE,Burgundy,1,1,1,0,1,1,1,1,,
724,132,96,96,SPANISH CHESTNUT,Burgundy,1,1,1,0,1,1,1,1,,
725,223,212,212,WILD ASTER,Pink,1,1,1,1,1,1,1,1,,
726,217,203,205,SONOMA CLAY,Pink,1,1,1,1,1,1,1,1,,
727,148,119,122,DARK MAUVE,Burgundy,1,1,1,0,1,1,1,1,,
728,132,103,106,POTPOURRI,Burgundy,1,1,1,0,1,1,1,1,,
729,227,204,206,PRINCESS PINK,Pink,1,1,1,1,1,1,1,1,,
730,216,184,194,RASBERRY SMOOTHIE,Pink,1,1,1,1,1,1,1,1,,
731,200,163,173,MISTED ROSE,Pink,1,1,1,0,1,1,1,1,,
732,185,142,154,CANDY HEARTS,Pink,1,1,1,0,1,1,1,1,,
733,162,117,124,SIMPLE BURGUNDY,Pink,1,1,1,0,1,1,1,1,,
734,204,157,161,FLAMINGO,Pink,1,1,1,0,1,1,1,1,,
735,201,151,152,CHAMPAGNE BLUSH,Pink,1,1,1,0,1,1,1,1,,
736,177,111,116,SPANISH ROSE,Red,1,1,1,0,1,1,1,1,,
737,156,101,100,CORAL BANKS,Red,1,1,1,0,1,1,1,1,,
738,229,212,206,PINK BREEZE,Pink,1,1,1,1,1,1,1,1,,
739,211,179,176,TULIP PETAL,Pink,1,1,1,0,1,1,1,1,,
740,201,159,156,ROSY SANDSTONE,Pink,1,1,1,0,1,1,1,1,,
741,173,126,118,REDSTONE,"Red,Pink",1,1,1,0,1,1,1,1,,
742,161,111,106,BAKED CLAY,"Red,Burgundy",1,1,1,0,1,1,1,1,,
743,210,158,157,CASHMERE PINK,Pink,1,1,1,0,1,1,1,1,,
744,186,125,118,BRONZE CORAL,Red,1,1,1,0,1,1,1,1,,
745,169,109,102,TUSCAN RED,Red,1,1,1,0,1,1,1,1,,
746,193,105,116,CRIMSON,Red,1,1,1,0,1,1,1,1,,
747,172,76,95,POLISHED RED,Red,1,1,1,0,1,1,1,1,,
748,221,181,195,BERRY CRUSH,Pink,1,1,1,1,1,1,1,1,,
749,209,160,175,PINK ROSE,Pink,1,1,1,0,1,1,1,1,,
750,190,127,145,MAY FLOWERS,Pink,1,1,1,0,1,1,1,1,,
751,166,100,115,CORAL HARMONY,Red,1,1,1,0,1,1,1,1,,
752,210,156,190,SORBET,Pink,1,1,1,0,1,1,1,1,,
753,180,96,137,WILD BERRY,Pink,1,1,1,0,1,1,1,1,,
754,230,211,215,TROPICAL ROSE,Pink,1,1,1,1,1,1,1,1,,
755,215,178,200,PINK QUARTZ,Pink,1,1,1,0,1,1,1,1,,
756,182,128,156,FLOWER BED,Pink,1,1,1,0,1,1,1,1,,
757,122,86,100,VINTAGE CLARET,Purple,1,1,1,0,1,1,1,1,,
758,224,205,215,PINK RIBBON,Pink,1,1,1,1,1,1,1,1,,
759,210,180,197,ANGEL KISS,Pink,1,1,1,1,1,1,1,1,,
760,173,124,155,FUCHSIA,Pink,1,1,1,0,1,1,1,1,,
761,142,87,117,ROSEWINE,Purple,1,1,1,0,1,1,1,1,,
762,232,222,225,PALE BLOSSOM,Off White,1,1,1,1,1,1,1,1,,
763,215,197,211,LIGHT LAVENDER,Purple,1,1,1,1,1,1,1,1,,
764,139,107,136,PASSION PLUM,Purple,1,1,1,0,1,1,1,1,,
765,219,209,212,SPRING LILAC,Purple,1,1,1,1,1,1,1,1,,
766,179,132,158,VICTORIAN PINK,Pink,1,1,1,0,1,1,1,1,,
767,202,174,187,VENITIAN ROSE,Pink,1,1,1,0,1,1,1,1,,
768,165,135,169,ENCHANTED PURPLE,Purple,1,1,1,0,1,1,1,1,,
769,197,175,202,VIBRANT ORCHID,Purple,1,1,1,0,1,1,1,1,,
770,185,173,193,IRIS BLISS,Purple,1,1,1,1,1,1,1,1,,
771,180,177,204,VIOLET STONE,Purple,1,1,1,1,1,1,1,1,,
772,205,190,205,SANCTUARY,Purple,1,1,1,1,1,1,1,1,,
773,195,175,196,MUTED MAUVE,Purple,1,1,1,1,1,1,1,1,,
774,179,153,177,HEIRLOOM ROSE,Purple,1,1,1,0,1,1,1,1,,
775,139,113,137,PLUM PERFECT,Purple,1,1,1,0,1,1,1,1,,
776,220,209,219,EARLY SPRING,Purple,1,1,1,1,1,1,1,1,,
777,208,199,211,VIOLET PETAL,Purple,1,1,1,1,1,1,1,1,,
778,124,108,138,CONCORD GRAPE,Purple,1,1,1,0,1,1,1,1,,
779,228,223,234,APRIL SHOWERS,Off White,1,1,1,1,1,1,1,1,,
780,217,205,218,BLISSFUL,Purple,1,1,1,1,1,1,1,1,,
781,177,156,189,CORSAGE,Purple,1,1,1,0,1,1,1,1,,
782,156,128,167,VICTORIAN VIOLET,Purple,1,1,1,0,1,1,1,1,,
783,205,196,221,SPRING IRIS,Purple,1,1,1,1,1,1,1,1,,
784,145,127,154,CHARMING LAVENDER,Purple,1,1,1,0,1,1,1,1,,
785,189,174,214,FRENCH LILAC,Purple,1,1,1,0,1,1,1,1,,
786,207,205,220,VIOLET PEARL,Purple,1,1,1,1,1,1,1,1,,
787,144,138,171,CENTRAL MAUVE,Purple,1,1,1,0,1,1,1,1,,
788,150,148,178,PURPLE SLATE,Purple,1,1,1,0,1,1,1,1,,
789,106,101,132,DARK GRAPE,Purple,1,1,1,0,1,1,1,1,,
790,169,152,199,AMETHYST,Purple,1,1,1,0,1,1,1,1,,
791,180,171,199,PLUM ISLAND,Purple,1,1,1,0,1,1,1,1,,
792,142,132,171,PURPLE MOUNTAINS,Purple,1,1,1,0,1,1,1,1,,
793,171,170,190,MAUVE CENTRAL,Purple,1,1,1,1,1,1,1,1,,
794,136,133,151,ROYAL VELVET,Purple,1,1,1,0,1,1,1,1,,
795,90,84,99,NORTH CASCADES,"Purple,Black",1,1,1,0,1,1,1,1,,
796,155,158,193,PERIWINKLE,Purple,1,1,1,0,1,1,1,1,,
797,217,217,223,ICY LAVENDER,Off White,1,1,1,1,1,1,1,1,,
798,94,91,104,EGGPLANT,"Purple,Black",1,1,1,0,1,1,1,1,,
799,198,199,217,GLIMMER,Purple,1,1,1,1,1,1,1,1,,
800,159,163,190,FANTASIA,Purple,1,1,1,0,1,1,1,1,,
801,134,137,158,SOFT CHARCOAL,Purple,1,1,1,0,1,1,1,1,,
802,203,205,214,MISTY VIOLET,Grey,1,1,1,1,1,1,1,1,,
803,167,169,185,PALE SHALE,Purple,1,1,1,1,1,1,1,1,,
804,120,120,137,STORM CLOUD,Purple,1,1,1,0,1,1,1,1,,
805,86,85,90,MIDNIGHT INDIGO,"Purple,Black",1,1,1,0,1,1,1,1,,
806,194,188,194,CONCERTO,Purple,1,1,1,1,1,1,1,1,,
807,177,170,178,PEBBLE CREEK,Purple,1,1,1,1,1,1,1,1,,
808,116,102,105,PURE RAISIN,Purple,1,1,1,0,1,1,1,1,,
809,225,222,221,CRYSTAL CLEAR,Purple,1,1,1,1,1,1,1,1,,
810,193,188,192,WISPY MAUVE,Purple,1,1,1,1,1,1,1,1,,
811,178,172,177,WINTER DUSK,Purple,1,1,1,1,1,1,1,1,,
812,131,123,128,ANTIQUE PLUM,Purple,1,1,1,0,1,1,1,1,,
813,116,107,110,DARK AUBERGINE,Purple,1,1,1,0,1,1,1,1,,
814,226,222,218,VANILLA BLUSH,Off White,1,1,1,1,1,1,1,1,,
815,220,217,213,COOL WIND,Off White,1,1,1,1,1,1,1,1,,
816,163,163,162,STERLING,Grey,1,1,1,0,1,1,1,1,,
817,129,125,125,FORMAL TAUPE,Grey,1,1,1,0,1,1,1,1,,
818,106,98,94,DARK COCOA,Brown,1,1,1,0,1,1,1,1,,
819,184,182,179,GRAY MOUNTAIN,Grey,1,1,1,1,1,1,1,1,,
820,164,161,157,EAGLE ROCK,Taupe,1,1,1,1,1,1,1,1,,
821,200,199,196,GRAY HUSKY,Grey,1,1,1,1,1,1,1,1,,
822,157,155,148,STONE CREEK,Grey,1,1,1,0,1,1,1,1,,
823,146,143,132,FALLEN ROCK,Taupe,1,1,1,0,1,1,1,1,,
824,192,192,180,GARDEN PEBBLE,Grey,1,1,1,1,1,1,1,1,,
825,228,228,220,WHITE RIVER,Off White,1,1,1,1,1,1,1,1,,
826,220,219,207,DUSKY MOON,Off White,1,1,1,1,1,1,1,1,,
827,198,200,186,PINE MIST,Green,1,1,1,1,1,1,1,1,,
828,223,222,212,MOUNTAIN AIR,Off White,1,1,1,1,1,1,1,1,,
829,197,196,181,MORNING ZEN,Grey,1,1,1,1,1,1,1,1,,
830,143,142,122,GLOBAL GREEN,Green,1,1,1,0,1,1,1,1,,
831,223,223,211,SPRING THAW,Green,1,1,1,1,1,1,1,1,,
832,218,218,205,LIGHT GRANITE,Green,1,1,1,1,1,1,1,1,,
833,197,197,180,URBAN RAIN,Grey,1,1,1,1,1,1,1,1,,
834,176,174,151,SORREL LEAF,Green,1,1,1,1,1,1,1,1,,
835,134,132,106,LAGOON MOSS,Green,1,1,1,0,1,1,1,1,,
836,234,234,223,SNOWFALL,Off White,1,1,1,1,1,1,1,1,,
837,226,225,213,IVORY MOSAIC,Off White,1,1,1,1,1,1,1,1,,
838,138,132,106,MOSS TRAIL,Green,1,1,1,0,1,1,1,1,,
839,216,212,200,CLASSIC TAN,Beige,1,1,1,1,1,1,1,1,,
840,146,139,114,POND WATER,Green,1,1,1,0,1,1,1,1,,
841,222,221,209,SEATTLE MIST,Off White,1,1,1,1,1,1,1,1,,
842,145,142,116,BAY LEAF,Green,1,1,1,0,1,1,1,1,,
843,163,159,145,RIVER BED,Grey,1,1,1,0,1,1,1,1,,
844,146,142,128,WILDWOOD,Taupe,1,1,1,0,1,1,1,1,,
845,128,125,110,CENTER RIDGE,Taupe,1,1,1,0,1,1,1,1,,
846,190,186,178,NORTHERN CLIFFS,Grey,1,1,1,1,1,1,1,1,,
847,166,160,149,RUSTIC TAUPE,Grey,1,1,1,1,1,1,1,1,,
848,222,220,212,PRAIRIE DUST,Off White,1,1,1,1,1,1,1,1,,
849,198,196,189,SEAGULL GRAY,Grey,1,1,1,1,1,1,1,1,,
850,166,163,152,LAKE REFLECTION,Grey,1,1,1,1,1,1,1,1,,
851,195,195,188,ANTIQUE SILVER,Grey,1,1,1,1,1,1,1,1,,
852,144,144,131,CASTLE PEAK,Taupe,1,1,1,0,1,1,1,1,,
853,114,113,99,FIELDSTONE,Taupe,1,1,1,0,1,1,1,1,,
854,214,218,210,WIND CHILL,Green,1,1,1,1,1,1,1,1,,
855,171,179,178,OCTOBER SKY,"Grey,Blue",1,1,1,1,1,1,1,1,,
856,192,197,188,IMPERIAL GRAY,Green,1,1,1,1,1,1,1,1,,
857,175,182,175,MOUNTAIN FALLS,Green,1,1,1,1,1,1,1,1,,
858,210,212,208,SILVER CREST,Grey,1,1,1,1,1,1,1,1,,
859,141,147,140,MUTED SAGE,"Green,Grey",1,1,1,0,1,1,1,1,,
860,205,211,209,DECEMBER SKY,Grey,1,1,1,1,1,1,1,1,,
861,175,182,181,WALES GRAY,Grey,1,1,1,1,1,1,1,1,,
862,131,136,136,MILLSTONE,Grey,1,1,1,0,1,1,1,1,,
863,225,224,220,DISTANT CLOUD,Off White,1,1,1,1,1,1,1,1,,
864,210,212,209,ARCTIC BREEZE,Grey,1,1,1,1,1,1,1,1,,
865,185,189,190,SILVER LAKE,Grey,1,1,1,1,1,1,1,1,,
866,123,126,126,DEEP CHARCOAL,Grey,1,1,1,0,1,1,1,1,,
867,196,199,200,FRESH WATER,Grey,1,1,1,1,1,1,1,1,,
868,207,209,208,POLISHED SILVER,Grey,1,1,1,1,1,1,1,1,,
869,114,116,121,LEGENDARY GRAY,Grey,1,1,1,0,1,1,1,1,,
870,99,101,106,RICH PEWTER,Black,1,1,1,0,1,1,1,1,,
871,136,138,142,COOL ASHES,Grey,1,1,1,0,1,1,1,1,,
872,202,207,212,CALMING SILVER,Blue,1,1,1,1,1,1,1,1,,
873,183,191,200,ADIRONACK BLUE,Blue,1,1,1,1,1,1,1,1,,
874,225,227,230,WHITE LILY,Off White,1,1,1,1,1,1,1,1,,
875,178,185,198,AUTUMN SKY,Blue,1,1,1,1,1,1,1,1,,
876,142,150,166,NIMBUS GRAY,Blue,1,1,1,0,1,1,1,1,,
877,165,174,183,DUSKY BLUE,"Blue,Grey",1,1,1,1,1,1,1,1,,
878,127,135,146,PROVINCE BLUE,Blue,1,1,1,0,1,1,1,1,,
879,97,102,115,EVENING SKY,"Blue,Black",1,1,1,0,1,1,1,1,,
880,208,212,213,WHITE LAKE,Grey,1,1,1,1,1,1,1,1,,
881,212,217,218,HARBOR FOG,Blue,1,1,1,1,1,1,1,1,,
882,119,130,136,MIDNIGHT TIDE,Grey,1,1,1,0,1,1,1,1,,
883,197,208,212,TROPICAL SKY,Blue,1,1,1,1,1,1,1,1,,
884,176,190,197,SLATE BLUE,Blue,1,1,1,1,1,1,1,1,,
885,130,146,157,SEASCAPE,Blue,1,1,1,0,1,1,1,1,,
886,111,125,137,MODERN SLATE,Blue,1,1,1,0,1,1,1,1,,
887,218,221,219,POINT PLEASANT,Green,1,1,1,1,1,1,1,1,,
888,88,100,109,SOPHISTICATED NAVY,"Blue,Black",1,1,1,0,1,1,1,1,,
889,197,209,216,MARINA BLUE,Blue,1,1,1,1,1,1,1,1,,
890,184,201,211,CRYSTAL FALLS,Blue,1,1,1,1,1,1,1,1,,
891,170,188,201,ASPEN LAKE,Blue,1,1,1,1,1,1,1,1,,
892,120,143,159,BAY BLUE,Blue,1,1,1,0,1,1,1,1,,
893,162,181,198,MEDITERRANEAN SKY,Blue,1,1,1,1,1,1,1,1,,
894,104,123,141,SEA REFLECTION,Blue,1,1,1,0,1,1,1,1,,
895,129,145,158,ALFRESCO,Blue,1,1,1,0,1,1,1,1,,
896,205,215,220,POLAR ICE,Blue,1,1,1,1,1,1,1,1,,
897,107,127,151,STORMY SEA,Blue,1,1,1,0,1,1,1,1,,
898,166,185,196,OCEAN TIDE,Blue,1,1,1,1,1,1,1,1,,
899,139,160,178,BLUE DANUBE,Blue,1,1,1,0,1,1,1,1,,
915,181,187,187,SOFT PEBBLE,Grey,1,1,1,1,1,1,1,1,,
916,166,176,179,UNIVERSAL GRAY,Grey,1,1,1,1,1,1,1,1,,
917,62,93,119,BLUE JEAN,Blue,1,1,1,0,1,1,1,1,,
918,33,50,77,ADMIRAL BLUE,Blue,1,1,1,0,1,1,1,1,,
954,87,36,44,DARK BURGUNDY,"Red,Burgundy",1,1,1,0,1,1,1,1,,
8064_2001,,,,LOVE BIRDS,Pattern,0,0,0,1,0,0,0,0,8064_2001_LoveBirds.svg,
8076_2001,,,,KRAHMER,Pattern,0,0,0,1,0,0,0,0,8076_2001_Krahmer.svg,
8101_2001,,,,SUMMER BREEZE,Pattern,0,0,0,1,0,0,0,0,8101_Summer_BreezeNEW.svg,
8121_2001,,,,DRISCOLL,Pattern,0,0,0,1,0,0,0,0,8121_2001_Driscoll.svg,
8129_2001,,,,GALILEO,Pattern,0,0,0,1,0,0,0,0,8129_2001_Galileo.svg,
8158_2001,,,,BROOKSHIRE,Pattern,0,0,0,1,0,0,0,0,8158_2001_Brookshire.svg,
8270_2001,,,,KUMO,Pattern,0,0,0,1,0,0,0,0,8270_2001_Kumo.svg,
8291_2001,,,,GISELLE,Pattern,0,0,0,1,0,0,0,0,8291_2001_Giselle.svg,
8292_2001,,,,IBIZA,Pattern,0,0,0,1,0,0,0,0,8292_2001_Ibiza.svg,
8293_2001,,,,LAGUNAS,Pattern,0,0,0,1,0,0,0,0,8293_2001_Lagunas.svg,
8294_2001,,,,SACHA,Pattern,0,0,0,1,0,0,0,0,8294_2001_Sacha.svg,
8295_2001,,,,VALITTE,Pattern,0,0,0,1,0,0,0,0,8295_2001_Valitte.svg,
8296_2001,,,,PLUMA,Pattern,0,0,0,1,0,0,0,0,8296_2001_Pluma.svg,
8297_2001,,,,COMODOR,Pattern,0,0,0,1,0,0,0,0,8297_2001_Comodor.svg,
8298_2001,,,,PORTOFINO,Pattern,0,0,0,1,0,0,0,0,8298_2001_Portofino.svg,
8303_2001,,,,MARCHAND,Pattern,0,0,0,1,0,0,0,0,8303_2001_Marchand.svg,
8304_2001,,,,ISLA,Pattern,0,0,0,1,0,0,0,0,8304_2001_Isla.svg,
8305_2001,,,,JAIPUR,Pattern,0,0,0,1,0,0,0,0,8305_2001_Jaipur.svg,
8306_2001,,,,WOLLSTON,Pattern,0,0,0,1,0,0,0,0,8306_2001_Wollston.svg,
8307_2001,,,,BROADMOOR,Pattern,0,0,0,1,0,0,0,0,8307_2001_Broadmoor.svg,
8311_2001,,,,CABIATI,Pattern,0,0,0,1,0,0,0,0,8311_2001_Cabiati.svg,
8312_2001,,,,CHEYENNE,Pattern,0,0,0,1,0,0,0,0,8312_2001_Cheyenne.svg,
8313_2001,,,,DANDELION,Pattern,0,0,0,1,0,0,0,0,8313_2001_Dandelion.svg,
8314_2001,,,,RAMBLA,Pattern,0,0,0,1,0,0,0,0,8314_2001_Rambla.svg,
8315_2001,,,,WHITMAN,Pattern,0,0,0,1,0,0,0,0,8315_2001_Whitman.svg,
8436_2001,,,,BURTON,Pattern,0,0,0,1,0,0,0,0,8436_2001_Burton.svg,
8437_2001,,,,POETRY,Pattern,0,0,0,1,0,0,0,0,8437_2001_Poetry.svg,
8438_2001,,,,RIPLEY,Pattern,0,0,0,1,0,0,0,0,8438_2001_Ripley.svg,
8439_2001,,,,GARDE II,Pattern,0,0,0,1,0,0,0,0,8439_2001_Garde_II.svg,
8440_2001,,,,GARDE,Pattern,0,0,0,1,0,0,0,0,8440_2001_Garde.svg,
8441_2001,,,,FERNHURST II,Pattern,0,0,0,1,0,0,0,0,8441_2001_Fernhurst_II.svg,
8442_2001,,,,FERNHURST III,Pattern,0,0,0,1,0,0,0,0,8442_2001_Fernhurst_III.svg,
8443_2001,,,,DYLANO,Pattern,0,0,0,1,0,0,0,0,8443_2001_Dylano.svg,
8444_2001,,,,DYLANO II,Pattern,0,0,0,1,0,0,0,0,8444_2001_Dylano_II.svg,
8445_2001,,,,DYLANO III,Pattern,0,0,0,1,0,0,0,0,8445_2001_Dylano_III.svg,
8446_2001,,,,CACAO,Pattern,0,0,0,1,0,0,0,0,8446_2001_Cacao.svg,
8447_2001,,,,SARU,Pattern,0,0,0,1,0,0,0,0,8447_2001_Saru.svg,
8448_2001,,,,FERNHURST,Pattern,0,0,0,1,0,0,0,0,8448_2001_Fernhurst.svg,
8449_2001,,,,LOWELL,Pattern,0,0,0,1,0,0,0,0,8449_2001_Lowell.svg,
8450_2001,,,,LOWELL II,Pattern,0,0,0,1,0,0,0,0,8450_2001_Lowell_II.svg,
8451_2001,,,,WELLAN,Pattern,0,0,0,1,0,0,0,0,8451_2001_Wellan.svg,
8452_2001,,,,BOHO,Pattern,0,0,0,1,0,0,0,0,8452_2001_Boho.svg,
8453_2001,,,,BOHO II,Pattern,0,0,0,1,0,0,0,0,8453_2001_Boho_II.svg,
8454_2001,,,,BOHO III,Pattern,0,0,0,1,0,0,0,0,8454_2001_Boho_III.svg,
8455_2001,,,,ELTON,Pattern,0,0,0,1,0,0,0,0,8455_2001_Elton.svg,
8456_2001,,,,ELTON II,Pattern,0,0,0,1,0,0,0,0,8456_2001_Elton_II.svg,
8457_2001,,,,MEDBERRY,Pattern,0,0,0,1,0,0,0,0,8457_2001_Medberry.svg,
8458_2001,,,,GARDE III,Pattern,0,0,0,1,0,0,0,0,8458_2001_Garde_III.svg,
8459_2001,,,,BERNOUL,Pattern,0,0,0,1,0,0,0,0,8459_2001_Bernoul.svg,
8460_2001,,,,HAMMISH,Pattern,0,0,0,1,0,0,0,0,8460_2001_Hammish.svg,
8461_2001,,,,HAMMISH II,Pattern,0,0,0,1,0,0,0,0,8461_2001_Hammish_II.svg,
100,,,,ULTRA WHITE,Texture,1,0,0,0,0,0,0,0,100UltraWhite_V2.jpg,100UltraWhite_V2_Composite.jpg
101,,,,ICE CASTLE,Texture,1,0,0,0,0,0,0,0,101IceCastle_V2.jpg,101IceCastle_V2_Composite.jpg
103,,,,IVORY DUST,Texture,1,0,0,0,0,0,0,0,103IvoryDust_V2.jpg,103IvoryDust_V2_Composite.jpg
106,,,,MORNING FOG,Texture,1,0,0,0,0,0,0,0,106MorningFog_V2.jpg,106MorningFog_V2_Composite.jpg
107,,,,COURTYARD TAN,Texture,1,0,0,0,0,0,0,0,107-Courtyard-Tan.jpg,107-Courtyard-Tan_Composite.jpg
108,,,,ANTIQUEWHITE,Texture,1,0,0,0,0,0,0,0,108AntiqueWhite_V2.jpg,108AntiqueWhite_V2_Composite.jpg
109,,,,VANILLALATTE,Texture,1,0,0,0,0,0,0,0,109VanillaLatte_V2.jpg,109VanillaLatte_V2_Composite.jpg
110,,,,DOVEWHITE,Texture,1,0,0,0,0,0,0,0,110DoveWhite_V2.jpg,110DoveWhite_V2_Composite.jpg
111,,,,FEATHERSTONE,Texture,1,0,0,0,0,0,0,0,111FeatherStone_V2.jpg,111FeatherStone_V2_Composite.jpg
115,,,,SEA MIST,Texture,1,0,0,0,0,0,0,0,115-Sea-Mist.jpg,115-Sea-Mist_Composite.jpg
116,,,,GENTLEWIND,Texture,1,0,0,0,0,0,0,0,116GentleWind_V2.jpg,116GentleWind_V2_Composite.jpg
119,,,,CRYSTALPINK,Texture,1,0,0,0,0,0,0,0,119CrystalPink_V2.jpg,119CrystalPink_V2_Composite.jpg
125,,,,CATHEDRAL STONE,Texture,1,0,0,0,0,0,0,0,125-Cathedral-Stone.jpg,125-Cathedral-Stone_Composite.jpg
126,,,,TRANQUIL TAUPE,Texture,1,0,0,0,0,0,0,0,126TranquilTaupe_V2.jpg,126TranquilTaupe_V2_Composite.jpg
127,,,,HIDDEN OAKS,Texture,1,0,0,0,0,0,0,0,127HiddenOaks_V2.jpg,127HiddenOaks_V2_Composite.jpg
129,,,,SAFARI SUN,Texture,1,0,0,0,0,0,0,0,129SafariSun_V2.jpg,129SafariSun_V2_Composite.jpg
131,,,,PINEBROOK,Texture,1,0,0,0,0,0,0,0,131-Pinebrook.jpg,131-Pinebrook_Composite.jpg
132,,,,TREE MOSS,Texture,1,0,0,0,0,0,0,0,132-Tree-Moss.jpg,132-Tree-Moss_Composite.jpg
133,,,,BLUE HAZE,Texture,1,0,0,0,0,0,0,0,133-Blue-Haze.jpg,133-Blue-Haze_Composite.jpg
156,,,,PINK CLOUD,Texture,1,0,0,0,0,0,0,0,156-Pink-Cloud.jpg,156-Pink-Cloud_Composite.jpg
169,,,,SWEET NECTAR,Texture,1,0,0,0,0,0,0,0,169_Sweet_Nectar.jpg,169_Sweet_Nectar_Composite.jpg
170,,,,SAND DUNE,Texture,1,0,0,0,0,0,0,0,170_Sand_Dune.jpg,170_Sand_Dune_Composite.jpg
183,,,,LIGHT SALMON,Texture,1,0,0,0,0,0,0,0,183-Light-Salmon.jpg,183-Light-Salmon_Composite.jpg
184,,,,MORNING LIGHT,Texture,1,0,0,0,0,0,0,0,184-Morning-Light.jpg,184-Morning-Light_Composite.jpg
187,,,,CANDLE GLOW,Texture,1,0,0,0,0,0,0,0,187-Candle-Glow.jpg,187-Candle-Glow_Composite.jpg
189,,,,CLAYSTONE,Texture,1,0,0,0,0,0,0,0,189_Claystone.jpg,189_Claystone_Composite.jpg
194,,,,TUSCAN MELON,Texture,1,0,0,0,0,0,0,0,194-Tuscan-Melon.jpg,194-Tuscan-Melon_Composite.jpg
199,,,,HAYSTACK,Texture,1,0,0,0,0,0,0,0,199_Haystack.jpg,199_Haystack_Composite.jpg
201,,,,GOLD VISTA,Texture,1,0,0,0,0,0,0,0,201_Gold_Vista.jpg,201_Gold_Vista_Composite.jpg
204,,,,CREAMY BEIGE,Texture,1,0,0,0,0,0,0,0,204-Creamy-Beige.jpg,204-Creamy-Beige_Composite.jpg
205,,,,WHEATFIELD,Texture,1,0,0,0,0,0,0,0,205-Wheatfield.jpg,205-Wheatfield_Composite.jpg
206,,,,SANTA MONICA,Texture,1,0,0,0,0,0,0,0,206-Santa-Monica.jpg,206-Santa-Monica_Composite.jpg
218,,,,PENSACOLA SAND,Texture,1,0,0,0,0,0,0,0,218-Pensacola-Sand.jpg,218-Pensacola-Sand_Composite.jpg
226,,,,FRESH LIGHT,Texture,1,0,0,0,0,0,0,0,226-Fresh-Light.jpg,226-Fresh-Light_Composite.jpg
232,,,,OLD GOLD,Texture,1,0,0,0,0,0,0,0,232-Old-Gold.jpg,232-Old-Gold_Composite.jpg
236,,,,NUTMEG,Texture,1,0,0,0,0,0,0,0,236-Nutmeg.jpg,236-Nutmeg_Composite.jpg
237,,,,WINTER TRAIL,Texture,1,0,0,0,0,0,0,0,237-Winter-Trail.jpg,237-Winter-Trail_Composite.jpg
240,,,,OLIVE TONE,Texture,1,0,0,0,0,0,0,0,240-Olive-Tone.jpg,240-Olive-Tone_Composite.jpg
243,,,,IVORY ESCAPE,Texture,1,0,0,0,0,0,0,0,243IvoryEscape_V2.jpg,243IvoryEscape_V2_Composite.jpg
244,,,,CANYON BEIGE,Texture,1,0,0,0,0,0,0,0,244-Canyon-Beige.jpg,244-Canyon-Beige_Composite.jpg
245,,,,ISLAND COAST,Texture,1,0,0,0,0,0,0,0,245-Island-Coast.jpg,245-Island-Coast_Composite.jpg
246,,,,STONEBROOK,Texture,1,0,0,0,0,0,0,0,246Stonebrook_V2.jpg,246Stonebrook_V2_Composite.jpg
249,,,,CHARDONNAY,Texture,1,0,0,0,0,0,0,0,249Chardonnay_V2.jpg,249Chardonnay_V2_Composite.jpg
253,,,,NATURAL,Texture,1,0,0,0,0,0,0,0,253_Natural-Tone.jpg,253_Natural-Tone_Composite.jpg
260,,,,CRISP BEIGE,Texture,1,0,0,0,0,0,0,0,260-Crisp-Beige.jpg,260-Crisp-Beige_Composite.jpg
263,,,,SUMMER DUSK,Texture,1,0,0,0,0,0,0,0,263_Summer_Dusk.jpg,263_Summer_Dusk_Composite.jpg
266,,,,LIGHT NECTAR,Texture,1,0,0,0,0,0,0,0,266-Light-Nectar.jpg,266-Light-Nectar_Composite.jpg
270,,,,MOONLIGHT,Texture,1,0,0,0,0,0,0,0,270Moonlight_V2.jpg,270Moonlight_V2_Composite.jpg
287,,,,PALE CELERY,Texture,1,0,0,0,0,0,0,0,287-Pale-Celery.jpg,287-Pale-Celery_Composite.jpg
289,,,,FRESH OLIVE,Texture,1,0,0,0,0,0,0,0,289-Fresh-Olive.jpg,289-Fresh-Olive_Composite.jpg
293,,,,HAYFIELD,Texture,1,0,0,0,0,0,0,0,293Hayfield_V2.jpg,293Hayfield_V2_Composite.jpg
295,,,,GRASSLAND,Texture,1,0,0,0,0,0,0,0,295-Grassland.jpg,295-Grassland_Composite.jpg
303,,,,KEY LIME,Texture,1,0,0,0,0,0,0,0,303-Key-Lime.jpg,303-Key-Lime_Composite.jpg
306,,,,FRESH MINT,Texture,1,0,0,0,0,0,0,0,306-Fresh-Mint.jpg,306-Fresh-Mint_Composite.jpg
308,,,,LIGHT MOSS,Texture,1,0,0,0,0,0,0,0,308-Light-Moss.jpg,308-Light-Moss_Composite.jpg
309,,,,PARK CENTRAL,Texture,1,0,0,0,0,0,0,0,309-Park-Central.jpg,309-Park-Central_Composite.jpg
313,,,,CUCUMBER,Texture,1,0,0,0,0,0,0,0,313-CUCUMBER.jpg,313-CUCUMBER_Composite.jpg
314,,,,SIMPLE SAGE,Texture,1,0,0,0,0,0,0,0,314-SIMPLE-SAGE.jpg,314-SIMPLE-SAGE_Composite.jpg
315,,,,ANTIQUE JADE,Texture,1,0,0,0,0,0,0,0,315-ANTIQUE-JADE.jpg,315-ANTIQUE-JADE_Composite.jpg
318,,,,BEANSTALK,Texture,1,0,0,0,0,0,0,0,318-BEANSTALK.jpg,318-BEANSTALK_Composite.jpg
320,,,,PINELANDS,Texture,1,0,0,0,0,0,0,0,320-Pinelands.jpg,320-Pinelands_Composite.jpg
322,,,,DARK FOREST,Texture,1,0,0,0,0,0,0,0,322DarkForest_V2.jpg,322DarkForest_V2_Composite.jpg
323,,,,ADIRONDACK BREEZE,Texture,1,0,0,0,0,0,0,0,323-Adirondack-Breeze.jpg,323-Adirondack-Breeze_Composite.jpg
324,,,,SPRING VALLEY,Texture,1,0,0,0,0,0,0,0,324-SPRING-VALLEY.jpg,324-SPRING-VALLEY_Composite.jpg
332,,,,WINTER MORNING,Texture,1,0,0,0,0,0,0,0,332-WINTER-MORNING.jpg,332-WINTER-MORNING_Composite.jpg
337,,,,CACTUS FLOWER,Texture,1,0,0,0,0,0,0,0,337-CACTUS-FLOWER.jpg,337-CACTUS-FLOWER_Composite.jpg
338,,,,MILL SPRINGS,Texture,1,0,0,0,0,0,0,0,338-MILL-SPRINGS.jpg,338-MILL-SPRINGS_Composite.jpg
341,,,,HARBORMIST,Texture,1,0,0,0,0,0,0,0,341HarborMist_V2.jpg,341HarborMist_V2_Composite.jpg
342,,,,GEORGIA GREEN,Texture,1,0,0,0,0,0,0,0,342-GEORGIA-GREEN.jpg,342-GEORGIA-GREEN_Composite.jpg
348,,,,PALE GREEN,Texture,1,0,0,0,0,0,0,0,348-PALE-GREEN.jpg,348-PALE-GREEN_Composite.jpg
349,,,,CROP LINE,Texture,1,0,0,0,0,0,0,0,349-Crop-Line.jpg,349-Crop-Line_Composite.jpg
351,,,,SEASALT,Texture,1,0,0,0,0,0,0,0,351-SEASALT.jpg,351-SEASALT_Composite.jpg
352,,,,GREENBROOK,Texture,1,0,0,0,0,0,0,0,352Greenbrook_V2.jpg,352Greenbrook_V2_Composite.jpg
353,,,,PINE NEEDLE,Texture,1,0,0,0,0,0,0,0,353PineNeedle_V2.jpg,353PineNeedle_V2_Composite.jpg
355,,,,PEBBLE BEACH,Texture,1,0,0,0,0,0,0,0,355-PEBBLE-BEACH.jpg,355-PEBBLE-BEACH_Composite.jpg
356,,,,COASTAL FOG,Texture,1,0,0,0,0,0,0,0,356-COASTAL-FOG.jpg,356-COASTAL-FOG_Composite.jpg
360,,,,SAFARI TRAIL,Texture,1,0,0,0,0,0,0,0,360-SAFARI-TRAIL.jpg,360-SAFARI-TRAIL_Composite.jpg
361,,,,ROSE THORN,Texture,1,0,0,0,0,0,0,0,361-ROSE-THORN.jpg,361-ROSE-THORN_Composite.jpg
363,,,,CHAMELEON,Texture,1,0,0,0,0,0,0,0,363-Chameleon.jpg,363-Chameleon_Composite.jpg
364,,,,COUNTRY GREEN,Texture,1,0,0,0,0,0,0,0,364-Country-Green.jpg,364-Country-Green_Composite.jpg
365,,,,SWEET PEA,Texture,1,0,0,0,0,0,0,0,365-Sweet-Pea.jpg,365-Sweet-Pea_Composite.jpg
389,,,,JUNIPER,Texture,1,0,0,0,0,0,0,0,389_Juniper.jpg,389_Juniper_Composite.jpg
391,,,,SOOTHING GREEN,Texture,1,0,0,0,0,0,0,0,391-Soothing-Green.jpg,391-Soothing-Green_Composite.jpg
392,,,,GREAT ESCAPE,Texture,1,0,0,0,0,0,0,0,392_Great_Escape.jpg,392_Great_Escape_Composite.jpg
395,,,,FLORIDA KEYS,Texture,1,0,0,0,0,0,0,0,395-Florida-Keys.jpg,395-Florida-Keys_Composite.jpg
396,,,,TEA TREE,Texture,1,0,0,0,0,0,0,0,396_Tea_Tree.jpg,396_Tea_Tree_Composite.jpg
399,,,,MOSAIC,Texture,1,0,0,0,0,0,0,0,399_Mosaic.jpg,399_Mosaic_Composite.jpg
400,,,,SPRING ESSENCE,Texture,1,0,0,0,0,0,0,0,400_Spring_Essence.jpg,400_Spring_Essence_Composite.jpg
401,,,,WEEPING WILLOW,Texture,1,0,0,0,0,0,0,0,401_Weeping_Willow.jpg,401_Weeping_Willow_Composite.jpg
402,,,,ALPINE TRAIL,Texture,1,0,0,0,0,0,0,0,402-Alpine-Trail.jpg,402-Alpine-Trail_Composite.jpg
404,,,,COASTAL BREEZE,Texture,1,0,0,0,0,0,0,0,404-Coastal-Breeze.jpg,404-Coastal-Breeze_Composite.jpg
405,,,,GARDEN VIEW,Texture,1,0,0,0,0,0,0,0,405-Garden-View.jpg,405-Garden-View_Composite.jpg
428,,,,LIGHT BREEZE,Texture,1,0,0,0,0,0,0,0,428-LIGHT-BREEZE.jpg,428-LIGHT-BREEZE_Composite.jpg
429,,,,SEABROOK,Texture,1,0,0,0,0,0,0,0,429-SEABROOK.jpg,429-SEABROOK_Composite.jpg
430,,,,OCEAN WATERS,Texture,1,0,0,0,0,0,0,0,430_Ocean_Waters.jpg,430_Ocean_Waters_Composite.jpg
432,,,,WARM SPRING,Texture,1,0,0,0,0,0,0,0,432-WARM-SPRING.jpg,432-WARM-SPRING_Composite.jpg
435,,,,DEEP SEA,Texture,1,0,0,0,0,0,0,0,435-Deep-Sea.jpg,435-Deep-Sea_Composite.jpg
436,,,,MISTY MOUNTAIN,Texture,1,0,0,0,0,0,0,0,436-MISTY-MOUNTAIN.jpg,436-MISTY-MOUNTAIN_Composite.jpg
440,,,,HAZY GROVE,Texture,1,0,0,0,0,0,0,0,440HazyGrove_V2.jpg,440HazyGrove_V2_Composite.jpg
442,,,,FRESH SOD,Texture,1,0,0,0,0,0,0,0,442-Fresh-Sod.jpg,442-Fresh-Sod_Composite.jpg
449,,,,WINTER ESCAPE,Texture,1,0,0,0,0,0,0,0,449-WINTER-ESCAPE.jpg,449-WINTER-ESCAPE_Composite.jpg
451,,,,SURFSIDE,Texture,1,0,0,0,0,0,0,0,451_Surfside.jpg,451_Surfside_Composite.jpg
460,,,,EASTERN SKY,Texture,1,0,0,0,0,0,0,0,460-EASTERN-SKY.jpg,460-EASTERN-SKY_Composite.jpg
461,,,,SKY SCRAPER,Texture,1,0,0,0,0,0,0,0,461-SKY-SCRAPER.jpg,461-SKY-SCRAPER_Composite.jpg
462,,,,BLUE RAPIDS,Texture,1,0,0,0,0,0,0,0,462_Blue-Rapids.jpg,462_Blue-Rapids_Composite.jpg
466,,,,FROZEN LAKE,Texture,1,0,0,0,0,0,0,0,466-Frozen-Lake.jpg,466-Frozen-Lake_Composite.jpg
468,,,,SOLSTICE,Texture,1,0,0,0,0,0,0,0,468_Solstice.jpg,468_Solstice_Composite.jpg
469,,,,OCEAN DRIVE,Texture,1,0,0,0,0,0,0,0,469_Ocean_Drive.jpg,469_Ocean_Drive_Composite.jpg
470,,,,ISLAND VIEW,Texture,1,0,0,0,0,0,0,0,470-ISLAND-VIEW.jpg,470-ISLAND-VIEW_Composite.jpg
478,,,,LIGHT AZURE,Texture,1,0,0,0,0,0,0,0,478-Light-Azure.jpg,478-Light-Azure_Composite.jpg
485,,,,BAY VIEW,Texture,1,0,0,0,0,0,0,0,485-BAY-VIEW.jpg,485-BAY-VIEW_Composite.jpg
486,,,,LUCERNE,Texture,1,0,0,0,0,0,0,0,486-LUCERNE.jpg,486-LUCERNE_Composite.jpg
488,,,,CALM WINTER,Texture,1,0,0,0,0,0,0,0,488-CALM-WINTER.jpg,488-CALM-WINTER_Composite.jpg
489,,,,SAPPHIRE FOG,Texture,1,0,0,0,0,0,0,0,489-SAPPHIRE-FOG.jpg,489-SAPPHIRE-FOG_Composite.jpg
491,,,,ENCHANTING SKY,Texture,1,0,0,0,0,0,0,0,491-ENCHANTING-SKY.jpg,491-ENCHANTING-SKY_Composite.jpg
492,,,,SOFT LAVENDER,Texture,1,0,0,0,0,0,0,0,492-Soft-Lavender.jpg,492-Soft-Lavender_Composite.jpg
493,,,,SWEET DREAMS,Texture,1,0,0,0,0,0,0,0,493-Sweet-Dreams.jpg,493-Sweet-Dreams_Composite.jpg
495,,,,MISTED EVE,Texture,1,0,0,0,0,0,0,0,495_Misted_Eve.jpg,495_Misted_Eve_Composite.jpg
496,,,,AFTERNOON SKY,Texture,1,0,0,0,0,0,0,0,496AfternoonSky_V2.jpg,496AfternoonSky_V2_Composite.jpg
497,,,,TRADITIONAL BLUE,Texture,1,0,0,0,0,0,0,0,497-TRADITIONAL-BLUE.jpg,497-TRADITIONAL-BLUE_Composite.jpg
501,,,,DISTANT HAZE,Texture,1,0,0,0,0,0,0,0,501-DISTANT-HAZE.jpg,501-DISTANT-HAZE_Composite.jpg
502,,,,ALOE MIST,Texture,1,0,0,0,0,0,0,0,502-Aloe-Mist.jpg,502-Aloe-Mist_Composite.jpg
503,,,,FROSTY MINT,Texture,1,0,0,0,0,0,0,0,503-FROSTY-MINT.jpg,503-FROSTY-MINT_Composite.jpg
505,,,,COTTON FIELD,Texture,1,0,0,0,0,0,0,0,505-COTTON-FIELD.jpg,505-COTTON-FIELD_Composite.jpg
506,,,,MARBLE DUST,Texture,1,0,0,0,0,0,0,0,506-MARBLE-DUST.jpg,506-MARBLE-DUST_Composite.jpg
507,,,,FINE TAUPE,Texture,1,0,0,0,0,0,0,0,507-FINE-TAUPE.jpg,507-FINE-TAUPE_Composite.jpg
508,,,,POROUS STONE,Texture,1,0,0,0,0,0,0,0,508PorousStone_V2.jpg,508PorousStone_V2_Composite.jpg
510,,,,LIGHT SUEDE,Texture,1,0,0,0,0,0,0,0,510-LIGHT-SUEDE.jpg,510-LIGHT-SUEDE_Composite.jpg
511,,,,ICE STORM,Texture,1,0,0,0,0,0,0,0,511IceStorm_V2.jpg,511IceStorm_V2_Composite.jpg
512,,,,SPARKLING FROST,Texture,1,0,0,0,0,0,0,0,512-SPARKLING-FROST.jpg,512-SPARKLING-FROST_Composite.jpg
513,,,,WHITE BLUSH,Texture,1,0,0,0,0,0,0,0,513-WHITE-BLUSH.jpg,513-WHITE-BLUSH_Composite.jpg
514,,,,LACE VEIL,Texture,1,0,0,0,0,0,0,0,514-LACE-VEIL.jpg,514-LACE-VEIL_Composite.jpg
515,,,,PINK ESSENCE,Texture,1,0,0,0,0,0,0,0,515-PINK-ESSENCE.jpg,515-PINK-ESSENCE_Composite.jpg
520,,,,DISTANT BEIGE,Texture,1,0,0,0,0,0,0,0,520-DISTANT-BEIGE.jpg,520-DISTANT-BEIGE_Composite.jpg
522,,,,NEUTRAL PINK,Texture,1,0,0,0,0,0,0,0,522-NEUTRAL-PINK.jpg,522-NEUTRAL-PINK_Composite.jpg
529,,,,CARAMEL CREAM,Texture,1,0,0,0,0,0,0,0,529CaramelCream_V2.jpg,529CaramelCream_V2_Composite.jpg
533,,,,RICH IVORY,Texture,1,0,0,0,0,0,0,0,533-Rich-Ivory.jpg,533-Rich-Ivory_Composite.jpg
537,,,,SWAN LAKE,Texture,1,0,0,0,0,0,0,0,537-SWAN-LAKE.jpg,537-SWAN-LAKE_Composite.jpg
541,,,,WINTER RAIN,Texture,1,0,0,0,0,0,0,0,541-Winter-Rain.jpg,541-Winter-Rain_Composite.jpg
542,,,,ANTIQUE PAPER,Texture,1,0,0,0,0,0,0,0,542AntiquePaper_V2.jpg,542AntiquePaper_V2_Composite.jpg
545,,,,MODERN IVORY,Texture,1,0,0,0,0,0,0,0,545ModernIveroy_V2.jpg,545ModernIveroy_V2_Composite.jpg
546,,,,STARDUST,Texture,1,0,0,0,0,0,0,0,546Stardust_V2.jpg,546Stardust_V2_Composite.jpg
547,,,,BAJA WHITE,Texture,1,0,0,0,0,0,0,0,547-BAJA-WHITE.jpg,547-BAJA-WHITE_Composite.jpg
548,,,,PALE ALMOND,Texture,1,0,0,0,0,0,0,0,548-Pale-Almond.jpg,548-Pale-Almond_Composite.jpg
550,,,,SOFT DOWN,Texture,1,0,0,0,0,0,0,0,550SoftDown_V2.jpg,550SoftDown_V2_Composite.jpg
552,,,,ALASKAN SKIES,Texture,1,0,0,0,0,0,0,0,552-Alaskan-Skies.jpg,552-Alaskan-Skies_Composite.jpg
553,,,,CANVAS,Texture,1,0,0,0,0,0,0,0,553-Canvas.jpg,553-Canvas_Composite.jpg
554,,,,WHITESAND,Texture,1,0,0,0,0,0,0,0,554WhiteSand_V2.jpg,554WhiteSand_V2_Composite.jpg
555,,,,FROZEN POND,Texture,1,0,0,0,0,0,0,0,555FrozenPond_V2.jpg,555FrozenPond_V2_Composite.jpg
556,,,,TAPESTRY,Texture,1,0,0,0,0,0,0,0,556-Tapestry.jpg,556-Tapestry_Composite.jpg
557,,,,CANVAS,Texture,1,0,0,0,0,0,0,0,557-CANVAS.jpg,557-CANVAS_Composite.jpg
558,,,,TRAIL DUST,Texture,1,0,0,0,0,0,0,0,558-TRAIL-DUST.jpg,558-TRAIL-DUST_Composite.jpg
560,,,,STUCCO TAN,Texture,1,0,0,0,0,0,0,0,560-STUCCO-TAN.jpg,560-STUCCO-TAN_Composite.jpg
561,,,,DRY CREEK,Texture,1,0,0,0,0,0,0,0,561-DRY-CREEK.jpg,561-DRY-CREEK_Composite.jpg
566,,,,FRONTIER,Texture,1,0,0,0,0,0,0,0,566-Frontier.jpg,566-Frontier_Composite.jpg
567,,,,CLAY BISQUE,Texture,1,0,0,0,0,0,0,0,567ClayBisque_V2.jpg,567ClayBisque_V2_Composite.jpg
571,,,,TWILIGHT TAUPE,Texture,1,0,0,0,0,0,0,0,571-TWILIGHT-TAUPE.jpg,571-TWILIGHT-TAUPE_Composite.jpg
575,,,,HARBOR BEIGE,Texture,1,0,0,0,0,0,0,0,575-HARBOR-BEIGE.jpg,575-HARBOR-BEIGE_Composite.jpg
576,,,,ASHWOOD TAN,Texture,1,0,0,0,0,0,0,0,576-Ashwood-Tan.jpg,576-Ashwood-Tan_Composite.jpg
577,,,,BEDFORD CREEK,Texture,1,0,0,0,0,0,0,0,577-BEDFORD-CREEK.jpg,577-BEDFORD-CREEK_Composite.jpg
581,,,,WOOD LAKE,Texture,1,0,0,0,0,0,0,0,581-WOOD-LAKE.jpg,581-WOOD-LAKE_Composite.jpg
585,,,,WEST WINDS,Texture,1,0,0,0,0,0,0,0,585-West-Winds.jpg,585-West-Winds_Composite.jpg
586,,,,LONG VALLEY,Texture,1,0,0,0,0,0,0,0,586-LONG-VALLEY.jpg,586-LONG-VALLEY_Composite.jpg
589,,,,WOOD GRAIN,Texture,1,0,0,0,0,0,0,0,589-WOOD-GRAIN.jpg,589-WOOD-GRAIN_Composite.jpg
591,,,,CELCTIC LINEN,Texture,1,0,0,0,0,0,0,0,591--CELCTIC-LINEN.jpg,591--CELCTIC-LINEN_Composite.jpg
605,,,,TRAIL BEIGE,Texture,1,0,0,0,0,0,0,0,605-Trail-Beige.jpg,605-Trail-Beige_Composite.jpg
608,,,,WOODASH,Texture,1,0,0,0,0,0,0,0,608-WOODASH.jpg,608-WOODASH_Composite.jpg
610,,,,SMOOTH SILK,Texture,1,0,0,0,0,0,0,0,610_Smooth_Silk.jpg,610_Smooth_Silk_Composite.jpg
611,,,,NUTSHELL,Texture,1,0,0,0,0,0,0,0,611_Nutshell.jpg,611_Nutshell_Composite.jpg
612,,,,ROASTED CASHEW,Texture,1,0,0,0,0,0,0,0,612-Roasted-Cashew.jpg,612-Roasted-Cashew_Composite.jpg
613,,,,WHITE MOCHA,Texture,1,0,0,0,0,0,0,0,613-White-Mocha.jpg,613-White-Mocha_Composite.jpg
615,,,,OAKWOOD,Texture,1,0,0,0,0,0,0,0,615_Oakwood.jpg,615_Oakwood_Composite.jpg
616,,,,FRENCH CREME,Texture,1,0,0,0,0,0,0,0,616-French-Creme.jpg,616-French-Creme_Composite.jpg
617,,,,NUTMEG FROST,Texture,1,0,0,0,0,0,0,0,617-NUTMEG-FROST.jpg,617-NUTMEG-FROST_Composite.jpg
619,,,,ANCIENT POTTERY,Texture,1,0,0,0,0,0,0,0,619AncientPottery_V2.jpg,619AncientPottery_V2_Composite.jpg
624,,,,APPLE TURNOVER,Texture,1,0,0,0,0,0,0,0,624_Apple_Turnover.jpg,624_Apple_Turnover_Composite.jpg
626,,,,WHITE WOOL,Texture,1,0,0,0,0,0,0,0,626-White-Wool.jpg,626-White-Wool_Composite.jpg
627,,,,DESERT KHAKI,Texture,1,0,0,0,0,0,0,0,627-DESERT-KHAKI.jpg,627-DESERT-KHAKI_Composite.jpg
629,,,,CASUAL GOLD,Texture,1,0,0,0,0,0,0,0,629CasualGold_V2.jpg,629CasualGold_V2_Composite.jpg
631,,,,SESAME,Texture,1,0,0,0,0,0,0,0,631-Sesame.jpg,631-Sesame_Composite.jpg
633,,,,SUMMERWOOD,Texture,1,0,0,0,0,0,0,0,633_Summerwood.jpg,633_Summerwood_Composite.jpg
637,,,,VELLUM,Texture,1,0,0,0,0,0,0,0,637-Vellum.jpg,637-Vellum_Composite.jpg
640,,,,MORNING GLOW,Texture,1,0,0,0,0,0,0,0,640-Morning-Glow.jpg,640-Morning-Glow_Composite.jpg
643,,,,PALM DESERT,Texture,1,0,0,0,0,0,0,0,643_Palm_Desert.jpg,643_Palm_Desert_Composite.jpg
644,,,,RODEO TAN,Texture,1,0,0,0,0,0,0,0,644RodeoTan_V2.jpg,644RodeoTan_V2_Composite.jpg
648,,,,GINGERSNAP,Texture,1,0,0,0,0,0,0,0,648Gingersnap_V2.jpg,648Gingersnap_V2_Composite.jpg
651,,,,MELON ICE,Texture,1,0,0,0,0,0,0,0,651-Melon-Ice.jpg,651-Melon-Ice_Composite.jpg
652,,,,TOFFEE CREAM,Texture,1,0,0,0,0,0,0,0,652-Toffee-Cream.jpg,652-Toffee-Cream_Composite.jpg
653,,,,MAPLE SYRUP,Texture,1,0,0,0,0,0,0,0,653_Maple_Syrup.jpg,653_Maple_Syrup_Composite.jpg
654,,,,VERONA BEACH,Texture,1,0,0,0,0,0,0,0,654-Verona-Beach.jpg,654-Verona-Beach_Composite.jpg
657,,,,CANDLELIGHT,Texture,1,0,0,0,0,0,0,0,657Candlelight_V2.jpg,657Candlelight_V2_Composite.jpg
666,,,,SIMPLE COTTAGE,Texture,1,0,0,0,0,0,0,0,666-SIMPLE-COTTAGE.jpg,666-SIMPLE-COTTAGE_Composite.jpg
671,,,,DUSTY ROSE,Texture,1,0,0,0,0,0,0,0,671DustyRose_V2.jpg,671DustyRose_V2_Composite.jpg
674,,,,PINK MOIRE,Texture,1,0,0,0,0,0,0,0,674-Pink-Moire.jpg,674-Pink-Moire_Composite.jpg
676,,,,DEERFIELD,Texture,1,0,0,0,0,0,0,0,676-DEERFIELD.jpg,676-DEERFIELD_Composite.jpg
678,,,,ROSE WATER,Texture,1,0,0,0,0,0,0,0,678-ROSE-WATER.jpg,678-ROSE-WATER_Composite.jpg
681,,,,VINTAGE CHARM,Texture,1,0,0,0,0,0,0,0,681-VINTAGE-CHARM.jpg,681-VINTAGE-CHARM_Composite.jpg
682,,,,SUN DANCE,Texture,1,0,0,0,0,0,0,0,682-SUN-DANCE.jpg,682-SUN-DANCE_Composite.jpg
688,,,,BAKED TERRACOTTA,Texture,1,0,0,0,0,0,0,0,688--BAKED-TERRACOTTA.jpg,688--BAKED-TERRACOTTA_Composite.jpg
703,,,,BAY BROWN,Texture,1,0,0,0,0,0,0,0,703-Bay-Brown.jpg,703-Bay-Brown_Composite.jpg
707,,,,CAFEÌ MOCHA,Texture,1,0,0,0,0,0,0,0,707-CAFE-MOCHA.jpg,707-CAFE-MOCHA_Composite.jpg
714,,,,ROSE PEARL,Texture,1,0,0,0,0,0,0,0,714-Rose-Pearl.jpg,714-Rose-Pearl_Composite.jpg
718,,,,VICTORIAN WHITE,Texture,1,0,0,0,0,0,0,0,718-Victorian-White.jpg,718-Victorian-White_Composite.jpg
719,,,,MYSTIC CHARM,Texture,1,0,0,0,0,0,0,0,719-MYSTIC-CHARM.jpg,719-MYSTIC-CHARM_Composite.jpg
742,,,,BAKED CLAY,Texture,1,0,0,0,0,0,0,0,742BakedClay_V2.jpg,742BakedClay_V2_Composite.jpg
765,,,,SPRING LILAC,Texture,1,0,0,0,0,0,0,0,765-SPRING-LILAC.jpg,765-SPRING-LILAC_Composite.jpg
767,,,,VENETIAN ROSE,Texture,1,0,0,0,0,0,0,0,767-Venetian-Rose.jpg,767-Venetian-Rose_Composite.jpg
770,,,,IRIS BLISS,Texture,1,0,0,0,0,0,0,0,770-IRIS-BLISS.jpg,770-IRIS-BLISS_Composite.jpg
771,,,,VIOLET STONE,Texture,1,0,0,0,0,0,0,0,771-VIOLET-STONE.jpg,771-VIOLET-STONE_Composite.jpg
776,,,,EARLY SPRING,Texture,1,0,0,0,0,0,0,0,776-Early-Spring.jpg,776-Early-Spring_Composite.jpg
786,,,,VIOLET PEARL,Texture,1,0,0,0,0,0,0,0,786-VIOLET-PEARL.jpg,786-VIOLET-PEARL_Composite.jpg
794,,,,ROYAL VELVET,Texture,1,0,0,0,0,0,0,0,794-Royal-Velvet.jpg,794-Royal-Velvet_Composite.jpg
801,,,,SOFT CHARCOAL,Texture,1,0,0,0,0,0,0,0,801-Soft-Charcoal.jpg,801-Soft-Charcoal_Composite.jpg
802,,,,MISTY VIOLET,Texture,1,0,0,0,0,0,0,0,802-Misty-Violet.jpg,802-Misty-Violet_Composite.jpg
803,,,,PALE SHALE,Texture,1,0,0,0,0,0,0,0,803-PALE-SHALE.jpg,803-PALE-SHALE_Composite.jpg
806,,,,CONCERTO,Texture,1,0,0,0,0,0,0,0,806-CONCERTO.jpg,806-CONCERTO_Composite.jpg
807,,,,PEBBLE CREEK,Texture,1,0,0,0,0,0,0,0,807-PEBBLE-CREEK.jpg,807-PEBBLE-CREEK_Composite.jpg
815,,,,COOL WIND,Texture,1,0,0,0,0,0,0,0,815CoolWind_V2.jpg,815CoolWind_V2_Composite.jpg
816,,,,STERLING,Texture,1,0,0,0,0,0,0,0,816Sterling_V2.jpg,816Sterling_V2_Composite.jpg
819,,,,GRAY MOUNTAIN,Texture,1,0,0,0,0,0,0,0,819-GRAY-MOUNTAIN.jpg,819-GRAY-MOUNTAIN_Composite.jpg
821,,,,GRAY HUSKY,Texture,1,0,0,0,0,0,0,0,821GrayHusky_V2.jpg,821GrayHusky_V2_Composite.jpg
