clinic_name,dr-subname,dr-website,dr-address,dr-phone
LOVEN DERMATOLOGY + AESTHETICS,Dr. Keith Loven,http://lovendermatology.com,"190D Saundersville Rd ,
Ste 2005 Hendersonville, TN 37075 United States",615-859-7546
LOVEN DERMATOLOGY + AESTHETICS,Dr. Keith Loven,http://lovendermatology.com,"190D Saundersville Rd ,
Ste 2005 Hendersonville, TN 37075 United States",615-859-7546
LOVEN DERMATOLOGY + AESTHETICS,Dr. Keith Loven,http://lovendermatology.com,"190D Saundersville Rd ,
Ste 2005 Hendersonville, TN 37075 United States",615-859-7546
LOVEN DERMATOLOGY + AESTHETICS,Dr. Keith Loven,http://lovendermatology.com,"190D Saundersville Rd ,
Ste 2005 Hendersonville, TN 37075 United States",615-859-7546
LOVEN DERMATOLOGY + AESTHETICS,Dr. Keith Loven,http://lovendermatology.com,"190D Saundersville Rd ,
Ste 2005 Hendersonville, TN 37075 United States",615-859-7546
LOVEN DERMATOLOGY + AESTHETICS,Dr. Keith Loven,http://lovendermatology.com,"190D Saundersville Rd ,
Ste 2005 Hendersonville, TN 37075 United States",615-859-7546
LOVEN DERMATOLOGY + AESTHETICS,Dr. Keith Loven,http://lovendermatology.com,"190D Saundersville Rd ,
Ste 2005 Hendersonville, TN 37075 United States",615-859-7546
LOVEN DERMATOLOGY + AESTHETICS,Dr. Keith Loven,http://lovendermatology.com,"190D Saundersville Rd ,
Ste 2005 Hendersonville, TN 37075 United States",615-859-7546
LOVEN DERMATOLOGY + AESTHETICS,Dr. Keith Loven,http://lovendermatology.com,"190D Saundersville Rd ,
Ste 2005 Hendersonville, TN 37075 United States",615-859-7546
LOVEN DERMATOLOGY + AESTHETICS,Dr. Keith Loven,http://lovendermatology.com,"190D Saundersville Rd ,
Ste 2005 Hendersonville, TN 37075 United States",615-859-7546
LOVEN DERMATOLOGY + AESTHETICS,Dr. Keith Loven,http://lovendermatology.com,"190D Saundersville Rd ,
Ste 2005 Hendersonville, TN 37075 United States",615-859-7546
LOVEN DERMATOLOGY + AESTHETICS,Dr. Keith Loven,http://lovendermatology.com,"190D Saundersville Rd ,
Ste 2005 Hendersonville, TN 37075 United States",615-859-7546
LOVEN DERMATOLOGY + AESTHETICS,Dr. Keith Loven,http://lovendermatology.com,"190D Saundersville Rd ,
Ste 2005 Hendersonville, TN 37075 United States",615-859-7546
LOVEN DERMATOLOGY + AESTHETICS,Dr. Keith Loven,http://lovendermatology.com,"190D Saundersville Rd ,
Ste 2005 Hendersonville, TN 37075 United States",615-859-7546
LOVEN DERMATOLOGY + AESTHETICS,Dr. Keith Loven,http://lovendermatology.com,"190D Saundersville Rd ,
Ste 2005 Hendersonville, TN 37075 United States",615-859-7546
LOVEN DERMATOLOGY + AESTHETICS,Dr. Keith Loven,http://lovendermatology.com,"190D Saundersville Rd ,
Ste 2005 Hendersonville, TN 37075 United States",615-859-7546
LOVEN DERMATOLOGY + AESTHETICS,Dr. Keith Loven,http://lovendermatology.com,"190D Saundersville Rd ,
Ste 2005 Hendersonville, TN 37075 United States",615-859-7546
LOVEN DERMATOLOGY + AESTHETICS,Dr. Keith Loven,http://lovendermatology.com,"190D Saundersville Rd ,
Ste 2005 Hendersonville, TN 37075 United States",615-859-7546
LOVEN DERMATOLOGY + AESTHETICS,Dr. Keith Loven,http://lovendermatology.com,"190D Saundersville Rd ,
Ste 2005 Hendersonville, TN 37075 United States",615-859-7546
LOVEN DERMATOLOGY + AESTHETICS,Dr. Keith Loven,http://lovendermatology.com,"190D Saundersville Rd ,
Ste 2005 Hendersonville, TN 37075 United States",615-859-7546
PLASTIC SURGERY OF TUSCALOOSA / SPA BELLE LA VIE,Dr. Ross Bunch,http://www.plasticsurgeryoftuscaloosa.com/,"1847 Commons N Dr
Tuscaloosa, AL 35406 United States",205-349-0049
PLASTIC SURGERY OF TUSCALOOSA / SPA BELLE LA VIE,Dr. Ross Bunch,http://www.plasticsurgeryoftuscaloosa.com/,"1847 Commons N Dr
Tuscaloosa, AL 35406 United States",205-349-0049
PLASTIC SURGERY OF TUSCALOOSA / SPA BELLE LA VIE,Dr. Ross Bunch,http://www.plasticsurgeryoftuscaloosa.com/,"1847 Commons N Dr
Tuscaloosa, AL 35406 United States",205-349-0049
PLASTIC SURGERY OF TUSCALOOSA / SPA BELLE LA VIE,Dr. Ross Bunch,http://www.plasticsurgeryoftuscaloosa.com/,"1847 Commons N Dr
Tuscaloosa, AL 35406 United States",205-349-0049
PLASTIC SURGERY OF TUSCALOOSA / SPA BELLE LA VIE,Dr. Ross Bunch,http://www.plasticsurgeryoftuscaloosa.com/,"1847 Commons N Dr
Tuscaloosa, AL 35406 United States",205-349-0049
PLASTIC SURGERY OF TUSCALOOSA / SPA BELLE LA VIE,Dr. Ross Bunch,http://www.plasticsurgeryoftuscaloosa.com/,"1847 Commons N Dr
Tuscaloosa, AL 35406 United States",205-349-0049
PLASTIC SURGERY OF TUSCALOOSA / SPA BELLE LA VIE,Dr. Ross Bunch,http://www.plasticsurgeryoftuscaloosa.com/,"1847 Commons N Dr
Tuscaloosa, AL 35406 United States",205-349-0049
PLASTIC SURGERY OF TUSCALOOSA / SPA BELLE LA VIE,Dr. Ross Bunch,http://www.plasticsurgeryoftuscaloosa.com/,"1847 Commons N Dr
Tuscaloosa, AL 35406 United States",205-349-0049
PLASTIC SURGERY OF TUSCALOOSA / SPA BELLE LA VIE,Dr. Ross Bunch,http://www.plasticsurgeryoftuscaloosa.com/,"1847 Commons N Dr
Tuscaloosa, AL 35406 United States",205-349-0049
PLASTIC SURGERY OF TUSCALOOSA / SPA BELLE LA VIE,Dr. Ross Bunch,http://www.plasticsurgeryoftuscaloosa.com/,"1847 Commons N Dr
Tuscaloosa, AL 35406 United States",205-349-0049
PLASTIC SURGERY OF TUSCALOOSA / SPA BELLE LA VIE,Dr. Ross Bunch,http://www.plasticsurgeryoftuscaloosa.com/,"1847 Commons N Dr
Tuscaloosa, AL 35406 United States",205-349-0049
PLASTIC SURGERY OF TUSCALOOSA / SPA BELLE LA VIE,Dr. Ross Bunch,http://www.plasticsurgeryoftuscaloosa.com/,"1847 Commons N Dr
Tuscaloosa, AL 35406 United States",205-349-0049
PLASTIC SURGERY OF TUSCALOOSA / SPA BELLE LA VIE,Dr. Ross Bunch,http://www.plasticsurgeryoftuscaloosa.com/,"1847 Commons N Dr
Tuscaloosa, AL 35406 United States",205-349-0049
PLASTIC SURGERY OF TUSCALOOSA / SPA BELLE LA VIE,Dr. Ross Bunch,http://www.plasticsurgeryoftuscaloosa.com/,"1847 Commons N Dr
Tuscaloosa, AL 35406 United States",205-349-0049
PLASTIC SURGERY OF TUSCALOOSA / SPA BELLE LA VIE,Dr. Ross Bunch,http://www.plasticsurgeryoftuscaloosa.com/,"1847 Commons N Dr
Tuscaloosa, AL 35406 United States",205-349-0049
PLASTIC SURGERY OF TUSCALOOSA / SPA BELLE LA VIE,Dr. Ross Bunch,http://www.plasticsurgeryoftuscaloosa.com/,"1847 Commons N Dr
Tuscaloosa, AL 35406 United States",205-349-0049
PLASTIC SURGERY OF TUSCALOOSA / SPA BELLE LA VIE,Dr. Ross Bunch,http://www.plasticsurgeryoftuscaloosa.com/,"1847 Commons N Dr
Tuscaloosa, AL 35406 United States",205-349-0049
PLASTIC SURGERY OF TUSCALOOSA / SPA BELLE LA VIE,Dr. Ross Bunch,http://www.plasticsurgeryoftuscaloosa.com/,"1847 Commons N Dr
Tuscaloosa, AL 35406 United States",205-349-0049
PLASTIC SURGERY OF TUSCALOOSA / SPA BELLE LA VIE,Dr. Ross Bunch,http://www.plasticsurgeryoftuscaloosa.com/,"1847 Commons N Dr
Tuscaloosa, AL 35406 United States",205-349-0049
PLASTIC SURGERY OF TUSCALOOSA / SPA BELLE LA VIE,Dr. Ross Bunch,http://www.plasticsurgeryoftuscaloosa.com/,"1847 Commons N Dr
Tuscaloosa, AL 35406 United States",205-349-0049
PLASTIC SURGERY OF TUSCALOOSA / SPA BELLE LA VIE,Dr. Ross Bunch,http://www.plasticsurgeryoftuscaloosa.com/,"1847 Commons N Dr
Tuscaloosa, AL 35406 United States",205-349-0049
PLASTIC SURGERY OF TUSCALOOSA / SPA BELLE LA VIE,Dr. Ross Bunch,http://www.plasticsurgeryoftuscaloosa.com/,"1847 Commons N Dr
Tuscaloosa, AL 35406 United States",205-349-0049
PLASTIC SURGERY OF TUSCALOOSA / SPA BELLE LA VIE,Dr. Ross Bunch,http://www.plasticsurgeryoftuscaloosa.com/,"1847 Commons N Dr
Tuscaloosa, AL 35406 United States",205-349-0049
PLASTIC SURGERY OF TUSCALOOSA / SPA BELLE LA VIE,Dr. Ross Bunch,http://www.plasticsurgeryoftuscaloosa.com/,"1847 Commons N Dr
Tuscaloosa, AL 35406 United States",205-349-0049
PLASTIC SURGERY OF TUSCALOOSA / SPA BELLE LA VIE,Dr. Ross Bunch,http://www.plasticsurgeryoftuscaloosa.com/,"1847 Commons N Dr
Tuscaloosa, AL 35406 United States",205-349-0049
PLASTIC SURGERY OF TUSCALOOSA / SPA BELLE LA VIE,Dr. Ross Bunch,http://www.plasticsurgeryoftuscaloosa.com/,"1847 Commons N Dr
Tuscaloosa, AL 35406 United States",205-349-0049
PLASTIC SURGERY OF TUSCALOOSA / SPA BELLE LA VIE,Dr. Ross Bunch,http://www.plasticsurgeryoftuscaloosa.com/,"1847 Commons N Dr
Tuscaloosa, AL 35406 United States",205-349-0049
PLASTIC SURGERY OF TUSCALOOSA / SPA BELLE LA VIE,Dr. Ross Bunch,http://www.plasticsurgeryoftuscaloosa.com/,"1847 Commons N Dr
Tuscaloosa, AL 35406 United States",205-349-0049
PLASTIC SURGERY OF TUSCALOOSA / SPA BELLE LA VIE,Dr. Ross Bunch,http://www.plasticsurgeryoftuscaloosa.com/,"1847 Commons N Dr
Tuscaloosa, AL 35406 United States",205-349-0049
PLASTIC SURGERY OF TUSCALOOSA / SPA BELLE LA VIE,Dr. Ross Bunch,http://www.plasticsurgeryoftuscaloosa.com/,"1847 Commons N Dr
Tuscaloosa, AL 35406 United States",205-349-0049
PLASTIC SURGERY OF TUSCALOOSA / SPA BELLE LA VIE,Dr. Ross Bunch,http://www.plasticsurgeryoftuscaloosa.com/,"1847 Commons N Dr
Tuscaloosa, AL 35406 United States",205-349-0049
PLASTIC SURGERY OF TUSCALOOSA / SPA BELLE LA VIE,Dr. Ross Bunch,http://www.plasticsurgeryoftuscaloosa.com/,"1847 Commons N Dr
Tuscaloosa, AL 35406 United States",205-349-0049
PLASTIC SURGERY OF TUSCALOOSA / SPA BELLE LA VIE,Dr. Ross Bunch,http://www.plasticsurgeryoftuscaloosa.com/,"1847 Commons N Dr
Tuscaloosa, AL 35406 United States",205-349-0049
PLASTIC SURGERY OF TUSCALOOSA / SPA BELLE LA VIE,Dr. Ross Bunch,http://www.plasticsurgeryoftuscaloosa.com/,"1847 Commons N Dr
Tuscaloosa, AL 35406 United States",205-349-0049
PLASTIC SURGERY OF TUSCALOOSA / SPA BELLE LA VIE,Dr. Ross Bunch,http://www.plasticsurgeryoftuscaloosa.com/,"1847 Commons N Dr
Tuscaloosa, AL 35406 United States",205-349-0049
PLASTIC SURGERY OF TUSCALOOSA / SPA BELLE LA VIE,Dr. Ross Bunch,http://www.plasticsurgeryoftuscaloosa.com/,"1847 Commons N Dr
Tuscaloosa, AL 35406 United States",205-349-0049
PLASTIC SURGERY OF TUSCALOOSA / SPA BELLE LA VIE,Dr. Ross Bunch,http://www.plasticsurgeryoftuscaloosa.com/,"1847 Commons N Dr
Tuscaloosa, AL 35406 United States",205-349-0049
PLASTIC SURGERY OF TUSCALOOSA / SPA BELLE LA VIE,Dr. Ross Bunch,http://www.plasticsurgeryoftuscaloosa.com/,"1847 Commons N Dr
Tuscaloosa, AL 35406 United States",205-349-0049
PLASTIC SURGERY OF TUSCALOOSA / SPA BELLE LA VIE,Dr. Ross Bunch,http://www.plasticsurgeryoftuscaloosa.com/,"1847 Commons N Dr
Tuscaloosa, AL 35406 United States",205-349-0049
PLASTIC SURGERY OF TUSCALOOSA / SPA BELLE LA VIE,Dr. Ross Bunch,http://www.plasticsurgeryoftuscaloosa.com/,"1847 Commons N Dr
Tuscaloosa, AL 35406 United States",205-349-0049
