,clinic_name,dr-subname,dr-website,dr-address,dr-phone
0,LOVEN DERMATOLOGY + AESTHETICS,Dr. Keith Loven,http://lovendermatology.com,"190D Saundersville Rd ,
Ste 2005 Hendersonville, TN 37075 United States",615-859-7546
1,LOVEN DERMATOLOGY + AESTHETICS,Dr. Keith Loven,http://lovendermatology.com,"190D Saundersville Rd ,
Ste 2005 Hendersonville, TN 37075 United States",615-859-7546
2,LOVEN DERMATOLOGY + AESTHETICS,Dr. Keith Loven,http://lovendermatology.com,"190D Saundersville Rd ,
Ste 2005 Hendersonville, TN 37075 United States",615-859-7546
3,LOVEN DERMATOLOGY + AESTHETICS,Dr. Keith Loven,http://lovendermatology.com,"190D Saundersville Rd ,
Ste 2005 Hendersonville, TN 37075 United States",615-859-7546
4,LOVEN DERMATOLOGY + AESTHETICS,Dr. Keith Loven,http://lovendermatology.com,"190D Saundersville Rd ,
Ste 2005 Hendersonville, TN 37075 United States",615-859-7546
5,LOVEN DERMATOLOGY + AESTHETICS,Dr. Keith Loven,http://lovendermatology.com,"190D Saundersville Rd ,
Ste 2005 Hendersonville, TN 37075 United States",615-859-7546
6,LOVEN DERMATOLOGY + AESTHETICS,Dr. Keith Loven,http://lovendermatology.com,"190D Saundersville Rd ,
Ste 2005 Hendersonville, TN 37075 United States",615-859-7546
7,LOVEN DERMATOLOGY + AESTHETICS,Dr. Keith Loven,http://lovendermatology.com,"190D Saundersville Rd ,
Ste 2005 Hendersonville, TN 37075 United States",615-859-7546
8,LOVEN DERMATOLOGY + AESTHETICS,Dr. Keith Loven,http://lovendermatology.com,"190D Saundersville Rd ,
Ste 2005 Hendersonville, TN 37075 United States",615-859-7546
9,LOVEN DERMATOLOGY + AESTHETICS,Dr. Keith Loven,http://lovendermatology.com,"190D Saundersville Rd ,
Ste 2005 Hendersonville, TN 37075 United States",615-859-7546
10,LOVEN DERMATOLOGY + AESTHETICS,Dr. Keith Loven,http://lovendermatology.com,"190D Saundersville Rd ,
Ste 2005 Hendersonville, TN 37075 United States",615-859-7546
11,LOVEN DERMATOLOGY + AESTHETICS,Dr. Keith Loven,http://lovendermatology.com,"190D Saundersville Rd ,
Ste 2005 Hendersonville, TN 37075 United States",615-859-7546
12,LOVEN DERMATOLOGY + AESTHETICS,Dr. Keith Loven,http://lovendermatology.com,"190D Saundersville Rd ,
Ste 2005 Hendersonville, TN 37075 United States",615-859-7546
13,LOVEN DERMATOLOGY + AESTHETICS,Dr. Keith Loven,http://lovendermatology.com,"190D Saundersville Rd ,
Ste 2005 Hendersonville, TN 37075 United States",615-859-7546
14,LOVEN DERMATOLOGY + AESTHETICS,Dr. Keith Loven,http://lovendermatology.com,"190D Saundersville Rd ,
Ste 2005 Hendersonville, TN 37075 United States",615-859-7546
15,LOVEN DERMATOLOGY + AESTHETICS,Dr. Keith Loven,http://lovendermatology.com,"190D Saundersville Rd ,
Ste 2005 Hendersonville, TN 37075 United States",615-859-7546
16,LOVEN DERMATOLOGY + AESTHETICS,Dr. Keith Loven,http://lovendermatology.com,"190D Saundersville Rd ,
Ste 2005 Hendersonville, TN 37075 United States",615-859-7546
17,LOVEN DERMATOLOGY + AESTHETICS,Dr. Keith Loven,http://lovendermatology.com,"190D Saundersville Rd ,
Ste 2005 Hendersonville, TN 37075 United States",615-859-7546
18,LOVEN DERMATOLOGY + AESTHETICS,Dr. Keith Loven,http://lovendermatology.com,"190D Saundersville Rd ,
Ste 2005 Hendersonville, TN 37075 United States",615-859-7546
19,LOVEN DERMATOLOGY + AESTHETICS,Dr. Keith Loven,http://lovendermatology.com,"190D Saundersville Rd ,
Ste 2005 Hendersonville, TN 37075 United States",615-859-7546
20,PLASTIC SURGERY OF TUSCALOOSA / SPA BELLE LA VIE,Dr. Ross Bunch,http://www.plasticsurgeryoftuscaloosa.com/,"1847 Commons N Dr
Tuscaloosa, AL 35406 United States",205-349-0049
21,PLASTIC SURGERY OF TUSCALOOSA / SPA BELLE LA VIE,Dr. Ross Bunch,http://www.plasticsurgeryoftuscaloosa.com/,"1847 Commons N Dr
Tuscaloosa, AL 35406 United States",205-349-0049
22,PLASTIC SURGERY OF TUSCALOOSA / SPA BELLE LA VIE,Dr. Ross Bunch,http://www.plasticsurgeryoftuscaloosa.com/,"1847 Commons N Dr
Tuscaloosa, AL 35406 United States",205-349-0049
23,PLASTIC SURGERY OF TUSCALOOSA / SPA BELLE LA VIE,Dr. Ross Bunch,http://www.plasticsurgeryoftuscaloosa.com/,"1847 Commons N Dr
Tuscaloosa, AL 35406 United States",205-349-0049
24,PLASTIC SURGERY OF TUSCALOOSA / SPA BELLE LA VIE,Dr. Ross Bunch,http://www.plasticsurgeryoftuscaloosa.com/,"1847 Commons N Dr
Tuscaloosa, AL 35406 United States",205-349-0049
25,PLASTIC SURGERY OF TUSCALOOSA / SPA BELLE LA VIE,Dr. Ross Bunch,http://www.plasticsurgeryoftuscaloosa.com/,"1847 Commons N Dr
Tuscaloosa, AL 35406 United States",205-349-0049
26,PLASTIC SURGERY OF TUSCALOOSA / SPA BELLE LA VIE,Dr. Ross Bunch,http://www.plasticsurgeryoftuscaloosa.com/,"1847 Commons N Dr
Tuscaloosa, AL 35406 United States",205-349-0049
27,PLASTIC SURGERY OF TUSCALOOSA / SPA BELLE LA VIE,Dr. Ross Bunch,http://www.plasticsurgeryoftuscaloosa.com/,"1847 Commons N Dr
Tuscaloosa, AL 35406 United States",205-349-0049
28,PLASTIC SURGERY OF TUSCALOOSA / SPA BELLE LA VIE,Dr. Ross Bunch,http://www.plasticsurgeryoftuscaloosa.com/,"1847 Commons N Dr
Tuscaloosa, AL 35406 United States",205-349-0049
29,PLASTIC SURGERY OF TUSCALOOSA / SPA BELLE LA VIE,Dr. Ross Bunch,http://www.plasticsurgeryoftuscaloosa.com/,"1847 Commons N Dr
Tuscaloosa, AL 35406 United States",205-349-0049
30,PLASTIC SURGERY OF TUSCALOOSA / SPA BELLE LA VIE,Dr. Ross Bunch,http://www.plasticsurgeryoftuscaloosa.com/,"1847 Commons N Dr
Tuscaloosa, AL 35406 United States",205-349-0049
31,PLASTIC SURGERY OF TUSCALOOSA / SPA BELLE LA VIE,Dr. Ross Bunch,http://www.plasticsurgeryoftuscaloosa.com/,"1847 Commons N Dr
Tuscaloosa, AL 35406 United States",205-349-0049
32,PLASTIC SURGERY OF TUSCALOOSA / SPA BELLE LA VIE,Dr. Ross Bunch,http://www.plasticsurgeryoftuscaloosa.com/,"1847 Commons N Dr
Tuscaloosa, AL 35406 United States",205-349-0049
33,PLASTIC SURGERY OF TUSCALOOSA / SPA BELLE LA VIE,Dr. Ross Bunch,http://www.plasticsurgeryoftuscaloosa.com/,"1847 Commons N Dr
Tuscaloosa, AL 35406 United States",205-349-0049
34,PLASTIC SURGERY OF TUSCALOOSA / SPA BELLE LA VIE,Dr. Ross Bunch,http://www.plasticsurgeryoftuscaloosa.com/,"1847 Commons N Dr
Tuscaloosa, AL 35406 United States",205-349-0049
35,PLASTIC SURGERY OF TUSCALOOSA / SPA BELLE LA VIE,Dr. Ross Bunch,http://www.plasticsurgeryoftuscaloosa.com/,"1847 Commons N Dr
Tuscaloosa, AL 35406 United States",205-349-0049
36,PLASTIC SURGERY OF TUSCALOOSA / SPA BELLE LA VIE,Dr. Ross Bunch,http://www.plasticsurgeryoftuscaloosa.com/,"1847 Commons N Dr
Tuscaloosa, AL 35406 United States",205-349-0049
37,PLASTIC SURGERY OF TUSCALOOSA / SPA BELLE LA VIE,Dr. Ross Bunch,http://www.plasticsurgeryoftuscaloosa.com/,"1847 Commons N Dr
Tuscaloosa, AL 35406 United States",205-349-0049
38,PLASTIC SURGERY OF TUSCALOOSA / SPA BELLE LA VIE,Dr. Ross Bunch,http://www.plasticsurgeryoftuscaloosa.com/,"1847 Commons N Dr
Tuscaloosa, AL 35406 United States",205-349-0049
39,PLASTIC SURGERY OF TUSCALOOSA / SPA BELLE LA VIE,Dr. Ross Bunch,http://www.plasticsurgeryoftuscaloosa.com/,"1847 Commons N Dr
Tuscaloosa, AL 35406 United States",205-349-0049
40,PLASTIC SURGERY OF TUSCALOOSA / SPA BELLE LA VIE,Dr. Ross Bunch,http://www.plasticsurgeryoftuscaloosa.com/,"1847 Commons N Dr
Tuscaloosa, AL 35406 United States",205-349-0049
41,PLASTIC SURGERY OF TUSCALOOSA / SPA BELLE LA VIE,Dr. Ross Bunch,http://www.plasticsurgeryoftuscaloosa.com/,"1847 Commons N Dr
Tuscaloosa, AL 35406 United States",205-349-0049
42,PLASTIC SURGERY OF TUSCALOOSA / SPA BELLE LA VIE,Dr. Ross Bunch,http://www.plasticsurgeryoftuscaloosa.com/,"1847 Commons N Dr
Tuscaloosa, AL 35406 United States",205-349-0049
43,PLASTIC SURGERY OF TUSCALOOSA / SPA BELLE LA VIE,Dr. Ross Bunch,http://www.plasticsurgeryoftuscaloosa.com/,"1847 Commons N Dr
Tuscaloosa, AL 35406 United States",205-349-0049
44,PLASTIC SURGERY OF TUSCALOOSA / SPA BELLE LA VIE,Dr. Ross Bunch,http://www.plasticsurgeryoftuscaloosa.com/,"1847 Commons N Dr
Tuscaloosa, AL 35406 United States",205-349-0049
45,PLASTIC SURGERY OF TUSCALOOSA / SPA BELLE LA VIE,Dr. Ross Bunch,http://www.plasticsurgeryoftuscaloosa.com/,"1847 Commons N Dr
Tuscaloosa, AL 35406 United States",205-349-0049
46,PLASTIC SURGERY OF TUSCALOOSA / SPA BELLE LA VIE,Dr. Ross Bunch,http://www.plasticsurgeryoftuscaloosa.com/,"1847 Commons N Dr
Tuscaloosa, AL 35406 United States",205-349-0049
47,PLASTIC SURGERY OF TUSCALOOSA / SPA BELLE LA VIE,Dr. Ross Bunch,http://www.plasticsurgeryoftuscaloosa.com/,"1847 Commons N Dr
Tuscaloosa, AL 35406 United States",205-349-0049
48,PLASTIC SURGERY OF TUSCALOOSA / SPA BELLE LA VIE,Dr. Ross Bunch,http://www.plasticsurgeryoftuscaloosa.com/,"1847 Commons N Dr
Tuscaloosa, AL 35406 United States",205-349-0049
49,PLASTIC SURGERY OF TUSCALOOSA / SPA BELLE LA VIE,Dr. Ross Bunch,http://www.plasticsurgeryoftuscaloosa.com/,"1847 Commons N Dr
Tuscaloosa, AL 35406 United States",205-349-0049
50,PLASTIC SURGERY OF TUSCALOOSA / SPA BELLE LA VIE,Dr. Ross Bunch,http://www.plasticsurgeryoftuscaloosa.com/,"1847 Commons N Dr
Tuscaloosa, AL 35406 United States",205-349-0049
51,PLASTIC SURGERY OF TUSCALOOSA / SPA BELLE LA VIE,Dr. Ross Bunch,http://www.plasticsurgeryoftuscaloosa.com/,"1847 Commons N Dr
Tuscaloosa, AL 35406 United States",205-349-0049
52,PLASTIC SURGERY OF TUSCALOOSA / SPA BELLE LA VIE,Dr. Ross Bunch,http://www.plasticsurgeryoftuscaloosa.com/,"1847 Commons N Dr
Tuscaloosa, AL 35406 United States",205-349-0049
53,PLASTIC SURGERY OF TUSCALOOSA / SPA BELLE LA VIE,Dr. Ross Bunch,http://www.plasticsurgeryoftuscaloosa.com/,"1847 Commons N Dr
Tuscaloosa, AL 35406 United States",205-349-0049
54,PLASTIC SURGERY OF TUSCALOOSA / SPA BELLE LA VIE,Dr. Ross Bunch,http://www.plasticsurgeryoftuscaloosa.com/,"1847 Commons N Dr
Tuscaloosa, AL 35406 United States",205-349-0049
55,PLASTIC SURGERY OF TUSCALOOSA / SPA BELLE LA VIE,Dr. Ross Bunch,http://www.plasticsurgeryoftuscaloosa.com/,"1847 Commons N Dr
Tuscaloosa, AL 35406 United States",205-349-0049
56,PLASTIC SURGERY OF TUSCALOOSA / SPA BELLE LA VIE,Dr. Ross Bunch,http://www.plasticsurgeryoftuscaloosa.com/,"1847 Commons N Dr
Tuscaloosa, AL 35406 United States",205-349-0049
57,PLASTIC SURGERY OF TUSCALOOSA / SPA BELLE LA VIE,Dr. Ross Bunch,http://www.plasticsurgeryoftuscaloosa.com/,"1847 Commons N Dr
Tuscaloosa, AL 35406 United States",205-349-0049
58,PLASTIC SURGERY OF TUSCALOOSA / SPA BELLE LA VIE,Dr. Ross Bunch,http://www.plasticsurgeryoftuscaloosa.com/,"1847 Commons N Dr
Tuscaloosa, AL 35406 United States",205-349-0049
59,PLASTIC SURGERY OF TUSCALOOSA / SPA BELLE LA VIE,Dr. Ross Bunch,http://www.plasticsurgeryoftuscaloosa.com/,"1847 Commons N Dr
Tuscaloosa, AL 35406 United States",205-349-0049
